   -125.091871968425   -125.091871968425         0.51541E-03
   -125.093596267246   -125.093596267246         0.75513E-03
   -125.089857326325   -125.089857326325         0.14253E-03
   -125.089870924398   -125.089870924398         0.21610E-03
   -125.089870349975   -125.089870349975         0.79511E-03
   -125.089003257518   -125.089003257518         0.44139E-03
   -125.091071601903   -125.091071601903         0.74851E-03
   -125.089547500400   -125.089547500400         0.24785E-03
   -125.089862811211   -125.089862811211         0.20644E-03
   -125.089877478215   -125.089877478215         0.35736E-03
   -125.089729475485   -125.089729475485         0.28119E-03
   -125.089877310567   -125.089877310567         0.15555E-03
   -125.089860572064   -125.089860572064         0.16893E-03
   -125.089028802166   -125.089028802166         0.13584E-03
   -125.090839350329   -125.090839350329         0.25932E-03
   -125.090468833434   -125.090468833434         0.24523E-03
   -125.089914615903   -125.089914615903         0.62182E-03
   -125.092322940276   -125.092322940276         0.20446E-03
   -125.091844037180   -125.091844037180         0.21621E-03
   -125.090812934096   -125.090812934096         0.69266E-03
   -125.089879222055   -125.089879222055         0.27145E-03
   -125.088833443377   -125.088833443377         0.20234E-03
   -125.090306146871   -125.090306146871         0.32479E-03
   -125.089876417253   -125.089876417253         0.17369E-03
   -125.089864729333   -125.089864729333         0.57514E-03
   -125.088747865730   -125.088747865730         0.23207E-03
   -125.089007759624   -125.089007759624         0.20334E-03
   -125.089708345796   -125.089708345796         0.27367E-03
   -125.092529042811   -125.092529042811         0.21927E-03
   -125.091276642150   -125.091276642150         0.20735E-03
   -125.088717679478   -125.088717679478         0.37073E-03
   -125.087827602380   -125.087827602380         0.14578E-03
   -125.089020381590   -125.089020381590         0.40579E-03
   -125.089401523500   -125.089401523500         0.28246E-03
   -125.089838211833   -125.089838211833         0.27001E-03
   -125.088138820447   -125.088138820447         0.19876E-03
   -125.089019191669   -125.089019191669         0.40260E-03
   -125.092323212386   -125.092323212386         0.26462E-03
   -125.089397674341   -125.089397674341         0.23889E-03
   -125.089579527384   -125.089579527384         0.16684E-03
   -125.089863747881   -125.089863747881         0.12858E-03
   -125.089969266132   -125.089969266132         0.24161E-03
   -125.086568790697   -125.086568790697         0.26385E-03
   -125.087966942694   -125.087966942694         0.74063E-03
   -125.087223333325   -125.087223333325         0.18821E-03
   -125.089877377235   -125.089877377235         0.21577E-03
   -125.089491389805   -125.089491389805         0.71913E-03
   -125.089976244346   -125.089976244346         0.18970E-03
   -125.086572901029   -125.086572901029         0.65629E-03
   -125.087192739147   -125.087192739147         0.28382E-03
   -125.086576993617   -125.086576993617         0.17336E-03
   -125.087826502734   -125.087826502734         0.39864E-03
   -125.087237694377   -125.087237694377         0.27355E-03
   -125.086569040129   -125.086569040129         0.44832E-03
   -125.087837429834   -125.087837429834         0.20130E-03
   -125.087457447731   -125.087457447731         0.43069E-03
   -125.090442428703   -125.090442428703         0.75114E-03
   -125.086578405613   -125.086578405613         0.20843E-03
   -125.086574721784   -125.086574721784         0.30744E-03
   -125.086573955018   -125.086573955018         0.21263E-03
   -125.089401617323   -125.089401617323         0.36268E-03
   -125.088027380516   -125.088027380516         0.63739E-03
   -125.087230184304   -125.087230184304         0.65217E-03
   -125.087563006778   -125.087563006778         0.19430E-03
   -125.087974980744   -125.087974980744         0.18413E-03
   -125.087238657830   -125.087238657830         0.46890E-03
   -125.086575618303   -125.086575618303         0.63595E-03
   -125.089971026124   -125.089971026124         0.29293E-03
   -125.086578457325   -125.086578457325         0.41166E-03
   -125.088830976985   -125.088830976985         0.73491E-03
   -125.089855437828   -125.089855437828         0.58085E-03
   -125.086578901392   -125.086578901392         0.20904E-03
   -125.087309535556   -125.087309535556         0.23356E-03
   -125.090098792216   -125.090098792216         0.20479E-03
   -125.087216841374   -125.087216841374         0.22223E-03
   -125.086566882302   -125.086566882302         0.28057E-03
   -125.086576200746   -125.086576200746         0.28262E-03
   -125.086573535665   -125.086573535665         0.49787E-03
   -125.089478737186   -125.089478737186         0.50704E-03
   -125.087216794093   -125.087216794093         0.72181E-03
   -125.086577159260   -125.086577159260         0.27045E-03
   -125.088902100409   -125.088902100409         0.25768E-03
   -125.086561278053   -125.086561278053         0.70954E-03
   -125.087007027141   -125.087007027141         0.18942E-03
   -125.086094833197   -125.086094833197         0.34499E-03
   -125.086572826042   -125.086572826042         0.18676E-03
   -125.086575293728   -125.086575293728         0.24584E-03
   -125.088146430041   -125.088146430041         0.39910E-03
   -125.087508389965   -125.087508389965         0.70926E-03
   -125.086572224857   -125.086572224857         0.17602E-03
   -125.086576874834   -125.086576874834         0.26614E-03
   -125.087219039519   -125.087219039519         0.74124E-03
   -125.086574336997   -125.086574336997         0.26748E-03
   -125.089899575760   -125.089899575760         0.54748E-03
   -125.087140917395   -125.087140917395         0.23547E-03
   -125.086572895081   -125.086572895081         0.25998E-03
   -125.086737633431   -125.086737633431         0.65398E-03
   -125.087794707857   -125.087794707857         0.40510E-03
   -125.088039401974   -125.088039401974         0.33434E-03
   -125.088725451749   -125.088725451749         0.32134E-03
   -125.089756813470   -125.089756813470         0.74068E-03
   -125.086035251582   -125.086035251582         0.31959E-03
   -125.086405272586   -125.086405272586         0.25244E-03
   -125.087239324453   -125.087239324453         0.33259E-03
   -125.086575045193   -125.086575045193         0.18287E-03
   -125.086567641404   -125.086567641404         0.34663E-03
   -125.086576099996   -125.086576099996         0.20850E-03
   -125.086572922631   -125.086572922631         0.37290E-03
   -125.086575536894   -125.086575536894         0.26308E-03
   -125.087008172406   -125.087008172406         0.16148E-03
   -125.087003848309   -125.087003848309         0.21824E-03
   -125.086576981605   -125.086576981605         0.22511E-03
   -125.090462832097   -125.090462832097         0.17840E-03
   -125.086576041579   -125.086576041579         0.13477E-03
   -125.087966523321   -125.087966523321         0.23241E-03
   -125.088135627278   -125.088135627278         0.22155E-03
   -125.086576603667   -125.086576603667         0.27701E-03
   -125.088283995425   -125.088283995425         0.19878E-03
   -125.086575926828   -125.086575926828         0.54128E-03
   -125.088020525736   -125.088020525736         0.32583E-03
   -125.086573290556   -125.086573290556         0.23032E-03
   -125.086578290377   -125.086578290377         0.28198E-03
   -125.087971602794   -125.087971602794         0.43772E-03
   -125.089632531723   -125.089632531723         0.23408E-03
   -125.086476920774   -125.086476920774         0.25809E-03
   -125.087651917768   -125.087651917768         0.23336E-03
   -125.087369711350   -125.087369711350         0.22593E-03
   -125.086577289660   -125.086577289660         0.27421E-03
   -125.089822307562   -125.089822307562         0.76918E-03
   -125.087383269892   -125.087383269892         0.52479E-03
   -125.086577810657   -125.086577810657         0.27782E-03
   -125.092028402815   -125.092028402815         0.35287E-03
   -125.089862463342   -125.089862463342         0.20892E-03
   -125.086571293451   -125.086571293451         0.20932E-03
   -125.085791737759   -125.085791737759         0.32810E-03
   -125.096455875143   -125.096455875143         0.21052E-03
   -125.086017244451   -125.086017244451         0.17400E-03
   -125.092004679977   -125.092004679977         0.32522E-03
   -125.090117909633   -125.090117909633         0.21136E-03
   -125.086577806569   -125.086577806569         0.48740E-03
   -125.086574835182   -125.086574835182         0.20328E-03
   -125.090832829269   -125.090832829269         0.59396E-03
   -125.092520475563   -125.092520475563         0.31826E-03
   -125.091626708126   -125.091626708126         0.65693E-03
   -125.086578601247   -125.086578601247         0.22806E-03
   -125.091933196665   -125.091933196665         0.31391E-03
   -125.087327369364   -125.087327369364         0.18622E-03
   -125.085972809985   -125.085972809985         0.42236E-03
   -125.086563991465   -125.086563991465         0.68874E-03
   -125.089692741464   -125.089692741464         0.24171E-03
   -125.091636357604   -125.091636357604         0.56075E-03
   -125.087946676831   -125.087946676831         0.25088E-03
   -125.089910038892   -125.089910038892         0.15121E-03
   -125.087978760347   -125.087978760347         0.20081E-03
   -125.086579260424   -125.086579260424         0.25219E-03
   -125.086118899166   -125.086118899166         0.32086E-03
   -125.086578470802   -125.086578470802         0.28754E-03
   -125.086575434980   -125.086575434980         0.15996E-03
   -125.086094232752   -125.086094232752         0.35723E-03
   -125.086038460366   -125.086038460366         0.24911E-03
   -125.086571651887   -125.086571651887         0.20429E-03
   -125.088052407271   -125.088052407271         0.58897E-03
   -125.089875863117   -125.089875863117         0.27163E-03
   -125.097114813343   -125.097114813343         0.26132E-03
   -125.086174918650   -125.086174918650         0.20421E-03
   -125.087235988836   -125.087235988836         0.71713E-03
   -125.090999325697   -125.090999325697         0.27622E-03
   -125.089846975807   -125.089846975807         0.22281E-03
   -125.086009516401   -125.086009516401         0.21636E-03
   -125.086577583587   -125.086577583587         0.42647E-03
   -125.086576745206   -125.086576745206         0.23817E-03
   -125.091132625188   -125.091132625188         0.39880E-03
   -125.086574215149   -125.086574215149         0.20577E-03
   -125.086574393790   -125.086574393790         0.19301E-03
   -125.096450598386   -125.096450598386         0.20713E-03
   -125.087201852897   -125.087201852897         0.29183E-03
   -125.085984505034   -125.085984505034         0.28489E-03
   -125.089878312811   -125.089878312811         0.24405E-03
   -125.086571212116   -125.086571212116         0.25540E-03
   -125.085438806329   -125.085438806329         0.41873E-03
   -125.087118746250   -125.087118746250         0.20418E-03
   -125.086551347323   -125.086551347323         0.77673E-03
   -125.087867037355   -125.087867037355         0.24511E-03
   -125.089275845017   -125.089275845017         0.28438E-03
   -125.086574699865   -125.086574699865         0.17811E-03
   -125.086561961937   -125.086561961937         0.61950E-03
   -125.086467041635   -125.086467041635         0.21229E-03
   -125.089871218736   -125.089871218736         0.30375E-03
   -125.089861882071   -125.089861882071         0.13456E-03
   -125.086571544766   -125.086571544766         0.34246E-03
   -125.086490130563   -125.086490130563         0.18931E-03
   -125.086571895199   -125.086571895199         0.19290E-03
   -125.086572696759   -125.086572696759         0.29101E-03
   -125.086575216579   -125.086575216579         0.28390E-03
   -125.084819212628   -125.084819212628         0.23852E-03
   -125.090806140388   -125.090806140388         0.32081E-03
   -125.089878304232   -125.089878304232         0.40660E-03
   -125.096446361378   -125.096446361378         0.17100E-03
   -125.087421452253   -125.087421452253         0.60636E-03
   -125.086438232063   -125.086438232063         0.22600E-03
   -125.087228954835   -125.087228954835         0.33034E-03
   -125.085209396386   -125.085209396386         0.29510E-03
   -125.088999238929   -125.088999238929         0.25820E-03
   -125.095625052624   -125.095625052624         0.41256E-03
   -125.086215014054   -125.086215014054         0.61318E-03
   -125.086574869478   -125.086574869478         0.16675E-03
   -125.091224149160   -125.091224149160         0.25945E-03
   -125.087230097140   -125.087230097140         0.40351E-03
   -125.086561158219   -125.086561158219         0.61022E-03
   -125.086572916620   -125.086572916620         0.54058E-03
   -125.086388127289   -125.086388127289         0.25654E-03
   -125.091655389548   -125.091655389548         0.21413E-03
   -125.088006059724   -125.088006059724         0.22183E-03
   -125.091114284837   -125.091114284837         0.30409E-03
   -125.086575267458   -125.086575267458         0.29373E-03
   -125.093256731393   -125.093256731393         0.33318E-03
   -125.084900280326   -125.084900280326         0.21492E-03
   -125.085132374796   -125.085132374796         0.25882E-03
   -125.089872921504   -125.089872921504         0.18231E-03
   -125.087327722854   -125.087327722854         0.20079E-03
   -125.086561993868   -125.086561993868         0.56898E-03
   -125.086576358101   -125.086576358101         0.31379E-03
   -125.084881838510   -125.084881838510         0.70777E-03
   -125.087950137792   -125.087950137792         0.27105E-03
   -125.086573843645   -125.086573843645         0.26177E-03
   -125.086521104671   -125.086521104671         0.75642E-03
   -125.085939854979   -125.085939854979         0.64600E-03
   -125.092327456431   -125.092327456431         0.57158E-03
   -125.088672567487   -125.088672567487         0.47937E-03
   -125.084817891674   -125.084817891674         0.23938E-03
   -125.086569398594   -125.086569398594         0.17649E-03
   -125.086571515968   -125.086571515968         0.58487E-03
   -125.086965966111   -125.086965966111         0.24449E-03
   -125.086566436923   -125.086566436923         0.15069E-03
   -125.091173751121   -125.091173751121         0.23333E-03
   -125.092533027082   -125.092533027082         0.18652E-03
   -125.084414652854   -125.084414652854         0.63451E-03
   -125.087367294565   -125.087367294565         0.48107E-03
   -125.086572108204   -125.086572108204         0.68736E-03
   -125.089636858270   -125.089636858270         0.26473E-03
   -125.087948065649   -125.087948065649         0.21905E-03
   -125.085318258703   -125.085318258703         0.61195E-03
   -125.085212671659   -125.085212671659         0.37308E-03
   -125.084589684220   -125.084589684220         0.26829E-03
   -125.085510638310   -125.085510638310         0.37799E-03
   -125.087746524263   -125.087746524263         0.24941E-03
   -125.086122932591   -125.086122932591         0.43734E-03
   -125.087863320270   -125.087863320270         0.31433E-03
   -125.087460620581   -125.087460620581         0.22544E-03
   -125.087127217373   -125.087127217373         0.58237E-03
   -125.095100013884   -125.095100013884         0.38997E-03
   -125.086576512268   -125.086576512268         0.38955E-03
   -125.087979149351   -125.087979149351         0.21443E-03
   -125.087578665329   -125.087578665329         0.23977E-03
   -125.087105919536   -125.087105919536         0.31711E-03
   -125.085501744324   -125.085501744324         0.51120E-03
   -125.092489794499   -125.092489794499         0.15376E-03
   -125.089003430823   -125.089003430823         0.59564E-03
   -125.084185873165   -125.084185873165         0.72486E-03
   -125.085869835325   -125.085869835325         0.61730E-03
   -125.087236490449   -125.087236490449         0.36423E-03
   -125.087328581800   -125.087328581800         0.26477E-03
   -125.084406742463   -125.084406742463         0.53712E-03
   -125.084235886258   -125.084235886258         0.23443E-03
   -125.089021382779   -125.089021382779         0.36677E-03
   -125.090057807853   -125.090057807853         0.24093E-03
   -125.092530541697   -125.092530541697         0.24113E-03
   -125.086931123848   -125.086931123848         0.23996E-03
   -125.087457363565   -125.087457363565         0.28997E-03
   -125.089306046973   -125.089306046973         0.70161E-03
   -125.088032028021   -125.088032028021         0.23625E-03
   -125.087329471137   -125.087329471137         0.23310E-03
   -125.086574342560   -125.086574342560         0.17884E-03
   -125.085981304666   -125.085981304666         0.24729E-03
   -125.086130879589   -125.086130879589         0.39440E-03
   -125.085983459465   -125.085983459465         0.29409E-03
   -125.087443369055   -125.087443369055         0.59815E-03
   -125.087368676246   -125.087368676246         0.22692E-03
   -125.084207721981   -125.084207721981         0.28754E-03
   -125.084423444035   -125.084423444035         0.55806E-03
   -125.085979319039   -125.085979319039         0.57464E-03
   -125.088639316595   -125.088639316595         0.39666E-03
   -125.085275722742   -125.085275722742         0.26375E-03
   -125.086051662862   -125.086051662862         0.20874E-03
   -125.084722522878   -125.084722522878         0.42890E-03
   -125.084214585746   -125.084214585746         0.39124E-03
   -125.084227785322   -125.084227785322         0.21691E-03
   -125.085395480258   -125.085395480258         0.29499E-03
   -125.091795622957   -125.091795622957         0.21100E-03
   -125.083347001356   -125.083347001356         0.32544E-03
   -125.086576375798   -125.086576375798         0.21301E-03
   -125.084435957622   -125.084435957622         0.55940E-03
   -125.086018714206   -125.086018714206         0.61623E-03
   -125.084498986643   -125.084498986643         0.27954E-03
   -125.089532571587   -125.089532571587         0.66342E-03
   -125.084240494207   -125.084240494207         0.48987E-03
   -125.086864136338   -125.086864136338         0.52333E-03
   -125.088054797121   -125.088054797121         0.60723E-03
   -125.083275156701   -125.083275156701         0.33471E-03
   -125.093559500249   -125.093559500249         0.21762E-03
   -125.086342473245   -125.086342473245         0.32977E-03
   -125.084236020250   -125.084236020250         0.24028E-03
   -125.089653906800   -125.089653906800         0.31099E-03
   -125.085524971200   -125.085524971200         0.63992E-03
   -125.084206897108   -125.084206897108         0.22429E-03
   -125.089299246919   -125.089299246919         0.28513E-03
   -125.091307680690   -125.091307680690         0.20515E-03
   -125.085391379168   -125.085391379168         0.20014E-03
   -125.089117332306   -125.089117332306         0.19266E-03
   -125.082831729242   -125.082831729242         0.24684E-03
   -125.090360948895   -125.090360948895         0.28106E-03
   -125.087008462545   -125.087008462545         0.19455E-03
   -125.088278785779   -125.088278785779         0.24722E-03
   -125.095610001714   -125.095610001714         0.27543E-03
   -125.088990637712   -125.088990637712         0.22019E-03
   -125.084229763707   -125.084229763707         0.22210E-03
   -125.083135705692   -125.083135705692         0.28503E-03
   -125.089853907052   -125.089853907052         0.31438E-03
   -125.088395552259   -125.088395552259         0.48683E-03
   -125.086444851874   -125.086444851874         0.73393E-03
   -125.085259969759   -125.085259969759         0.21525E-03
   -125.091158829355   -125.091158829355         0.62464E-03
   -125.086710335673   -125.086710335673         0.21870E-03
   -125.084010408661   -125.084010408661         0.59591E-03
   -125.088989692869   -125.088989692869         0.66028E-03
   -125.086887614487   -125.086887614487         0.30025E-03
   -125.087739458034   -125.087739458034         0.35309E-03
   -125.085704121832   -125.085704121832         0.18662E-03
   -125.086722989173   -125.086722989173         0.56549E-03
   -125.086342172257   -125.086342172257         0.27890E-03
   -125.087448109831   -125.087448109831         0.35293E-03
   -125.095947185235   -125.095947185235         0.70895E-03
   -125.084553056695   -125.084553056695         0.41972E-03
   -125.086543258193   -125.086543258193         0.31751E-03
   -125.083901032283   -125.083901032283         0.59714E-03
   -125.087368438574   -125.087368438574         0.32984E-03
   -125.086570589517   -125.086570589517         0.44106E-03
   -125.085473799957   -125.085473799957         0.30552E-03
   -125.085128310757   -125.085128310757         0.22505E-03
   -125.092772118043   -125.092772118043         0.26958E-03
   -125.083650813494   -125.083650813494         0.35350E-03
   -125.084397882057   -125.084397882057         0.53146E-03
   -125.082325853122   -125.082325853122         0.48084E-03
   -125.087713789369   -125.087713789369         0.22182E-03
   -125.087978396961   -125.087978396961         0.32716E-03
   -125.087568592932   -125.087568592932         0.34264E-03
   -125.084107119568   -125.084107119568         0.76350E-03
   -125.087276352767   -125.087276352767         0.23632E-03
   -125.089381629363   -125.089381629363         0.40081E-03
   -125.086747755448   -125.086747755448         0.35122E-03
   -125.086325640683   -125.086325640683         0.26123E-03
   -125.089858148812   -125.089858148812         0.58835E-03
   -125.084496504859   -125.084496504859         0.52144E-03
   -125.085197779152   -125.085197779152         0.28284E-03
   -125.085985731157   -125.085985731157         0.18439E-03
   -125.085224128736   -125.085224128736         0.30689E-03
   -125.092527951978   -125.092527951978         0.49719E-03
   -125.082818764197   -125.082818764197         0.41982E-03
   -125.085715754633   -125.085715754633         0.28262E-03
   -125.084534179818   -125.084534179818         0.22718E-03
   -125.086552384349   -125.086552384349         0.35477E-03
   -125.091828947851   -125.091828947851         0.35660E-03
   -125.092843341993   -125.092843341993         0.29874E-03
   -125.089890645142   -125.089890645142         0.41981E-03
   -125.084167044455   -125.084167044455         0.39555E-03
   -125.087231756348   -125.087231756348         0.30883E-03
   -125.086502706755   -125.086502706755         0.28013E-03
   -125.085370005107   -125.085370005107         0.20198E-03
   -125.085034215193   -125.085034215193         0.32298E-03
   -125.087194894277   -125.087194894277         0.28626E-03
   -125.084059763718   -125.084059763718         0.23526E-03
   -125.091828741595   -125.091828741595         0.20452E-03
   -125.092401738756   -125.092401738756         0.56601E-03
   -125.083938936493   -125.083938936493         0.31872E-03
   -125.085211952166   -125.085211952166         0.39392E-03
   -125.086707631861   -125.086707631861         0.24164E-03
   -125.086745250866   -125.086745250866         0.58802E-03
   -125.091652620856   -125.091652620856         0.20707E-03
   -125.082333440904   -125.082333440904         0.71974E-03
   -125.086747076064   -125.086747076064         0.25141E-03
   -125.086784763360   -125.086784763360         0.17231E-03
   -125.084068839001   -125.084068839001         0.26433E-03
   -125.084006598424   -125.084006598424         0.59196E-03
   -125.081575722949   -125.081575722949         0.35950E-03
   -125.089171114831   -125.089171114831         0.27197E-03
   -125.087023941027   -125.087023941027         0.36245E-03
   -125.086195292067   -125.086195292067         0.62299E-03
   -125.087836353029   -125.087836353029         0.33717E-03
   -125.084239227235   -125.084239227235         0.20286E-03
   -125.086033422895   -125.086033422895         0.68645E-03
   -125.085465449335   -125.085465449335         0.75862E-03
   -125.083517550350   -125.083517550350         0.63632E-03
   -125.087393941229   -125.087393941229         0.69308E-03
   -125.087022476409   -125.087022476409         0.34194E-03
   -125.091200984626   -125.091200984626         0.42071E-03
   -125.095396300272   -125.095396300272         0.23991E-03
   -125.085979362051   -125.085979362051         0.21674E-03
   -125.087655760431   -125.087655760431         0.21835E-03
   -125.087360075273   -125.087360075273         0.15366E-03
   -125.086557387302   -125.086557387302         0.62323E-03
   -125.087718887819   -125.087718887819         0.28897E-03
   -125.086786946121   -125.086786946121         0.26207E-03
   -125.085400359005   -125.085400359005         0.27951E-03
   -125.092526378268   -125.092526378268         0.19899E-03
   -125.086577315885   -125.086577315885         0.30960E-03
   -125.087254715951   -125.087254715951         0.29051E-03
   -125.087365900806   -125.087365900806         0.31730E-03
   -125.085134407218   -125.085134407218         0.14381E-03
   -125.084410057125   -125.084410057125         0.23167E-03
   -125.088288293965   -125.088288293965         0.62901E-04
   -125.086082483541   -125.086082483541         0.28325E-03
   -125.091824689737   -125.091824689737         0.78166E-03
   -125.093974431264   -125.093974431264         0.20700E-03
   -125.086804372886   -125.086804372886         0.23314E-03
   -125.089394308848   -125.089394308848         0.36984E-03
   -125.091000029638   -125.091000029638         0.19056E-03
   -125.094580159716   -125.094580159716         0.29473E-03
   -125.087729243988   -125.087729243988         0.37397E-03
   -125.085194529080   -125.085194529080         0.23363E-03
   -125.084937741147   -125.084937741147         0.60596E-03
   -125.088642834201   -125.088642834201         0.16075E-03
   -125.081286853105   -125.081286853105         0.25038E-03
   -125.088864109773   -125.088864109773         0.71375E-03
   -125.084472236245   -125.084472236245         0.26130E-03
   -125.088247388461   -125.088247388461         0.22302E-03
   -125.085461907659   -125.085461907659         0.30831E-03
   -125.086471965222   -125.086471965222         0.49161E-03
   -125.087441354632   -125.087441354632         0.74293E-03
   -125.085148209304   -125.085148209304         0.23735E-03
   -125.085966045644   -125.085966045644         0.56294E-03
   -125.083516720442   -125.083516720442         0.27411E-03
   -125.085091565136   -125.085091565136         0.30844E-03
   -125.083510479148   -125.083510479148         0.30132E-03
   -125.086575999496   -125.086575999496         0.18617E-03
   -125.091794864606   -125.091794864606         0.51770E-03
   -125.082935869627   -125.082935869627         0.65192E-03
   -125.092491675815   -125.092491675815         0.22484E-03
   -125.085400273002   -125.085400273002         0.56613E-03
   -125.084904230094   -125.084904230094         0.25585E-03
   -125.092491594193   -125.092491594193         0.24631E-03
   -125.089564760351   -125.089564760351         0.22098E-03
   -125.085987638108   -125.085987638108         0.22296E-03
   -125.085274821910   -125.085274821910         0.42515E-03
   -125.088017043814   -125.088017043814         0.19088E-03
   -125.093527088151   -125.093527088151         0.21672E-03
   -125.087174930666   -125.087174930666         0.48699E-03
   -125.081148208268   -125.081148208268         0.24550E-03
   -125.087444960268   -125.087444960268         0.28185E-03
   -125.091647793114   -125.091647793114         0.17910E-03
   -125.088909509165   -125.088909509165         0.28831E-03
   -125.084317083503   -125.084317083503         0.60575E-03
   -125.085593618119   -125.085593618119         0.17147E-03
   -125.087004410979   -125.087004410979         0.26458E-03
   -125.092158822632   -125.092158822632         0.10700E-03
   -125.083745750590   -125.083745750590         0.46418E-03
   -125.080945650267   -125.080945650267         0.46453E-03
   -125.091482004217   -125.091482004217         0.25607E-03
   -125.083650097618   -125.083650097618         0.58829E-03
   -125.086996143884   -125.086996143884         0.24876E-03
   -125.085590269072   -125.085590269072         0.28301E-03
   -125.085401996221   -125.085401996221         0.22874E-03
   -125.082099098360   -125.082099098360         0.24916E-03
   -125.090992253710   -125.090992253710         0.79396E-03
   -125.091198454859   -125.091198454859         0.29502E-03
   -125.083216847166   -125.083216847166         0.37210E-03
   -125.089849245467   -125.089849245467         0.68363E-03
   -125.087614899018   -125.087614899018         0.25598E-03
   -125.083038545472   -125.083038545472         0.29904E-03
   -125.083573206579   -125.083573206579         0.26181E-03
   -125.085939623513   -125.085939623513         0.32894E-03
   -125.083412364513   -125.083412364513         0.24330E-03
   -125.084088166550   -125.084088166550         0.14670E-03
   -125.082484929668   -125.082484929668         0.26080E-03
   -125.084284505123   -125.084284505123         0.38430E-03
   -125.086440549609   -125.086440549609         0.18931E-03
   -125.084440787543   -125.084440787543         0.27657E-03
   -125.080332335189   -125.080332335189         0.38136E-03
   -125.084827449359   -125.084827449359         0.27818E-03
   -125.084720300888   -125.084720300888         0.68733E-03
   -125.087481610169   -125.087481610169         0.30907E-03
   -125.084470641799   -125.084470641799         0.79196E-03
   -125.082860514265   -125.082860514265         0.18544E-03
   -125.084618533414   -125.084618533414         0.31521E-03
   -125.084550889436   -125.084550889436         0.24607E-03
   -125.083895965324   -125.083895965324         0.62742E-03
   -125.087450184946   -125.087450184946         0.41312E-03
   -125.082866704013   -125.082866704013         0.31638E-03
   -125.089732610296   -125.089732610296         0.32325E-03
   -125.082144969509   -125.082144969509         0.56910E-03
   -125.083359491168   -125.083359491168         0.19112E-03
   -125.080789380487   -125.080789380487         0.27046E-03
   -125.084173048235   -125.084173048235         0.25309E-03
   -125.091477575773   -125.091477575773         0.34857E-03
   -125.084863265016   -125.084863265016         0.24368E-03
   -125.084958375042   -125.084958375042         0.72349E-03
   -125.084960673029   -125.084960673029         0.20810E-03
   -125.080186355243   -125.080186355243         0.38184E-03
   -125.080427224124   -125.080427224124         0.45441E-03
   -125.087458377789   -125.087458377789         0.29687E-03
   -125.084874476585   -125.084874476585         0.27154E-03
   -125.088367847379   -125.088367847379         0.33052E-03
   -125.084503941698   -125.084503941698         0.10145E-03
   -125.091820496712   -125.091820496712         0.28145E-03
   -125.089742302196   -125.089742302196         0.24938E-03
   -125.081586504309   -125.081586504309         0.24556E-03
   -125.083045776167   -125.083045776167         0.30387E-03
   -125.084200698150   -125.084200698150         0.32110E-03
   -125.089269419966   -125.089269419966         0.36878E-03
   -125.089812651583   -125.089812651583         0.31900E-03
   -125.081614732453   -125.081614732453         0.46864E-03
   -125.083075109153   -125.083075109153         0.35962E-03
   -125.082932478623   -125.082932478623         0.67471E-03
   -125.084408877837   -125.084408877837         0.78806E-03
   -125.088396235891   -125.088396235891         0.28916E-03
   -125.083753952141   -125.083753952141         0.55349E-03
   -125.083602524708   -125.083602524708         0.24786E-03
   -125.080914802232   -125.080914802232         0.28213E-03
   -125.088631719649   -125.088631719649         0.32364E-03
   -125.083523754360   -125.083523754360         0.24504E-03
   -125.093123099747   -125.093123099747         0.52728E-03
   -125.087185936783   -125.087185936783         0.64236E-03
   -125.087220398318   -125.087220398318         0.59347E-03
   -125.087437308740   -125.087437308740         0.25870E-03
   -125.080908397524   -125.080908397524         0.26339E-03
   -125.082099997098   -125.082099997098         0.74260E-03
   -125.087372949006   -125.087372949006         0.45617E-03
   -125.087464367026   -125.087464367026         0.23842E-03
   -125.084346933582   -125.084346933582         0.21959E-03
   -125.083470360583   -125.083470360583         0.18761E-03
   -125.084202604718   -125.084202604718         0.18302E-03
   -125.086031568577   -125.086031568577         0.28945E-03
   -125.091235385699   -125.091235385699         0.76673E-03
   -125.096444550631   -125.096444550631         0.31308E-03
   -125.082602386420   -125.082602386420         0.44226E-03
   -125.085936964944   -125.085936964944         0.59489E-03
   -125.084887038403   -125.084887038403         0.52131E-03
   -125.087306100923   -125.087306100923         0.27241E-03
   -125.087460691978   -125.087460691978         0.26012E-03
   -125.080470117012   -125.080470117012         0.66483E-03
   -125.084567734502   -125.084567734502         0.24938E-03
   -125.079986345980   -125.079986345980         0.72331E-03
   -125.088532474376   -125.088532474376         0.23214E-03
   -125.089388494686   -125.089388494686         0.50733E-03
   -125.085273318695   -125.085273318695         0.43062E-03
   -125.080040344197   -125.080040344197         0.32211E-03
   -125.081780852821   -125.081780852821         0.65987E-03
   -125.084721939781   -125.084721939781         0.40280E-03
   -125.085234228096   -125.085234228096         0.72856E-03
   -125.083565083106   -125.083565083106         0.30482E-03
   -125.092770796264   -125.092770796264         0.30689E-03
   -125.089041834799   -125.089041834799         0.33039E-03
   -125.085144700843   -125.085144700843         0.22701E-03
   -125.079963449821   -125.079963449821         0.25557E-03
   -125.086076706994   -125.086076706994         0.64567E-04
   -125.080500226519   -125.080500226519         0.33221E-03
   -125.081523766579   -125.081523766579         0.79237E-03
   -125.083428980466   -125.083428980466         0.64659E-03
   -125.081306774306   -125.081306774306         0.38477E-03
   -125.085639920876   -125.085639920876         0.19023E-03
   -125.086563184055   -125.086563184055         0.38460E-03
   -125.081207736887   -125.081207736887         0.26666E-03
   -125.082317283408   -125.082317283408         0.29139E-03
   -125.085441759622   -125.085441759622         0.35376E-03
   -125.084361399693   -125.084361399693         0.26058E-03
   -125.083740471583   -125.083740471583         0.63723E-03
   -125.079907265688   -125.079907265688         0.27474E-03
   -125.084934330134   -125.084934330134         0.43014E-03
   -125.080199683101   -125.080199683101         0.28422E-03
   -125.089877954794   -125.089877954794         0.36899E-03
   -125.092487638754   -125.092487638754         0.30046E-03
   -125.080664448549   -125.080664448549         0.66833E-03
   -125.082418146330   -125.082418146330         0.23585E-03
   -125.089876328709   -125.089876328709         0.30725E-03
   -125.088396116878   -125.088396116878         0.23244E-03
   -125.092816772800   -125.092816772800         0.27999E-03
   -125.090010385242   -125.090010385242         0.59039E-03
   -125.080013547104   -125.080013547104         0.63488E-03
   -125.083734534138   -125.083734534138         0.23427E-03
   -125.087039850091   -125.087039850091         0.30819E-03
   -125.082909777893   -125.082909777893         0.21461E-03
   -125.083159060929   -125.083159060929         0.33006E-03
   -125.080774560701   -125.080774560701         0.28491E-03
   -125.083511131392   -125.083511131392         0.69739E-03
   -125.085441903010   -125.085441903010         0.20024E-03
   -125.086902409437   -125.086902409437         0.29565E-03
   -125.084742537213   -125.084742537213         0.33944E-03
   -125.089875340992   -125.089875340992         0.19679E-03
   -125.082686781058   -125.082686781058         0.28035E-03
   -125.083032607226   -125.083032607226         0.23651E-03
   -125.082124574252   -125.082124574252         0.26758E-03
   -125.082661980766   -125.082661980766         0.25811E-03
   -125.082764407180   -125.082764407180         0.18502E-03
   -125.084877138455   -125.084877138455         0.25624E-03
   -125.081710160051   -125.081710160051         0.35909E-03
   -125.083662047831   -125.083662047831         0.20241E-03
   -125.082875451211   -125.082875451211         0.24581E-03
   -125.082532383879   -125.082532383879         0.21525E-03
   -125.079774127326   -125.079774127326         0.37304E-03
   -125.081999129295   -125.081999129295         0.28269E-03
   -125.088096530644   -125.088096530644         0.29766E-03
   -125.079815283687   -125.079815283687         0.29891E-03
   -125.083739253269   -125.083739253269         0.35074E-03
   -125.080745751057   -125.080745751057         0.28699E-03
   -125.088373481147   -125.088373481147         0.32554E-03
   -125.083744738323   -125.083744738323         0.25573E-03
   -125.086479743970   -125.086479743970         0.31400E-03
   -125.080413531878   -125.080413531878         0.21699E-03
   -125.084572620355   -125.084572620355         0.21952E-03
   -125.099786097209   -125.099786097209         0.45191E-03
   -125.088016074300   -125.088016074300         0.24650E-03
   -125.078635692991   -125.078635692991         0.75030E-03
   -125.081659628907   -125.081659628907         0.22269E-03
   -125.085110527389   -125.085110527389         0.44143E-03
   -125.083213233508   -125.083213233508         0.47837E-03
   -125.087227876713   -125.087227876713         0.23480E-03
   -125.084345291124   -125.084345291124         0.18424E-03
   -125.082060274531   -125.082060274531         0.21766E-03
   -125.082212507215   -125.082212507215         0.73203E-03
   -125.088621282072   -125.088621282072         0.66745E-03
   -125.084143595134   -125.084143595134         0.23070E-03
   -125.087407468009   -125.087407468009         0.75386E-03
   -125.082593196586   -125.082593196586         0.68856E-03
   -125.086089172473   -125.086089172473         0.13005E-03
   -125.080831869076   -125.080831869076         0.29713E-03
   -125.080643104001   -125.080643104001         0.29343E-03
   -125.085746712398   -125.085746712398         0.18630E-03
   -125.090666540335   -125.090666540335         0.19904E-03
   -125.087413182571   -125.087413182571         0.78710E-03
   -125.089027925438   -125.089027925438         0.61030E-03
   -125.084471097040   -125.084471097040         0.40349E-03
   -125.085444059807   -125.085444059807         0.32617E-03
   -125.085438354032   -125.085438354032         0.41347E-03
   -125.083505445283   -125.083505445283         0.58810E-03
   -125.089740060487   -125.089740060487         0.24815E-03
   -125.081181109846   -125.081181109846         0.22352E-03
   -125.083747660077   -125.083747660077         0.26017E-03
   -125.079770619958   -125.079770619958         0.36200E-03
   -125.080102653099   -125.080102653099         0.47679E-03
   -125.084067151501   -125.084067151501         0.21787E-03
   -125.080010670305   -125.080010670305         0.20593E-03
   -125.089974186625   -125.089974186625         0.70781E-03
   -125.083358437913   -125.083358437913         0.71299E-03
   -125.082818643113   -125.082818643113         0.29217E-03
   -125.082520212229   -125.082520212229         0.67224E-03
   -125.083518642459   -125.083518642459         0.18943E-03
   -125.080678254751   -125.080678254751         0.35351E-03
   -125.080934615582   -125.080934615582         0.17703E-03
   -125.086072741060   -125.086072741060         0.36478E-03
   -125.083518579947   -125.083518579947         0.60823E-03
   -125.081623594302   -125.081623594302         0.36699E-03
   -125.085636720590   -125.085636720590         0.60733E-03
   -125.079825947760   -125.079825947760         0.48788E-03
   -125.095081915642   -125.095081915642         0.20094E-03
   -125.083428072316   -125.083428072316         0.25705E-03
   -125.082156529440   -125.082156529440         0.16898E-03
   -125.080688206312   -125.080688206312         0.24285E-03
   -125.091002199501   -125.091002199501         0.25177E-03
   -125.088349819558   -125.088349819558         0.25660E-03
   -125.087516776949   -125.087516776949         0.41202E-03
   -125.089075047559   -125.089075047559         0.24917E-03
   -125.080192686403   -125.080192686403         0.29429E-03
   -125.083518624022   -125.083518624022         0.34758E-03
   -125.086214081777   -125.086214081777         0.29128E-03
   -125.082797352776   -125.082797352776         0.19999E-03
   -125.084349239898   -125.084349239898         0.19807E-03
   -125.079833114446   -125.079833114446         0.44422E-03
   -125.086570827942   -125.086570827942         0.28145E-03
   -125.081648818823   -125.081648818823         0.78237E-03
   -125.086046237712   -125.086046237712         0.32669E-03
   -125.079719216157   -125.079719216157         0.25107E-03
   -125.090940031115   -125.090940031115         0.21854E-03
   -125.084961384346   -125.084961384346         0.31970E-03
   -125.082002269167   -125.082002269167         0.15760E-03
   -125.091821210601   -125.091821210601         0.37923E-03
   -125.088271114333   -125.088271114333         0.55080E-03
   -125.081744968245   -125.081744968245         0.39056E-03
   -125.081110263203   -125.081110263203         0.62776E-03
   -125.082546784119   -125.082546784119         0.39515E-03
   -125.085782481166   -125.085782481166         0.29065E-03
   -125.078520153428   -125.078520153428         0.30049E-03
   -125.091435426302   -125.091435426302         0.58392E-03
   -125.080690315995   -125.080690315995         0.32017E-03
   -125.083464134169   -125.083464134169         0.35497E-03
   -125.079256044892   -125.079256044892         0.30013E-03
   -125.084389241832   -125.084389241832         0.20069E-03
   -125.081178833475   -125.081178833475         0.27970E-03
   -125.079539186221   -125.079539186221         0.22123E-03
   -125.081323248475   -125.081323248475         0.60846E-03
   -125.080679928250   -125.080679928250         0.21156E-03
   -125.089419351309   -125.089419351309         0.33027E-03
   -125.079945559236   -125.079945559236         0.18680E-03
   -125.089217944717   -125.089217944717         0.73196E-03
   -125.078087088209   -125.078087088209         0.41042E-03
   -125.079986800314   -125.079986800314         0.18646E-03
   -125.088145630282   -125.088145630282         0.37435E-03
   -125.084936881562   -125.084936881562         0.27894E-03
   -125.087791001292   -125.087791001292         0.35967E-03
   -125.080710526634   -125.080710526634         0.17044E-03
   -125.083907638499   -125.083907638499         0.58108E-03
   -125.084426937826   -125.084426937826         0.35885E-03
   -125.087859975217   -125.087859975217         0.24189E-03
   -125.089884837766   -125.089884837766         0.19064E-03
   -125.087478118095   -125.087478118095         0.18091E-03
   -125.087035269787   -125.087035269787         0.25296E-03
   -125.086087340882   -125.086087340882         0.63435E-04
   -125.085919292255   -125.085919292255         0.27902E-03
   -125.086014755268   -125.086014755268         0.62536E-03
   -125.084487419862   -125.084487419862         0.14605E-03
   -125.087887634609   -125.087887634609         0.30520E-03
   -125.081442871717   -125.081442871717         0.63882E-03
   -125.084586119631   -125.084586119631         0.29054E-03
   -125.080512740368   -125.080512740368         0.67692E-03
   -125.079306768846   -125.079306768846         0.43079E-03
   -125.082641296727   -125.082641296727         0.18480E-03
   -125.097114842498   -125.097114842498         0.25112E-03
   -125.084385964490   -125.084385964490         0.19832E-03
   -125.082366986323   -125.082366986323         0.26081E-03
   -125.083779306775   -125.083779306775         0.28428E-03
   -125.089867473913   -125.089867473913         0.55708E-03
   -125.085104078946   -125.085104078946         0.33411E-03
   -125.085314928839   -125.085314928839         0.24084E-03
   -125.079516921489   -125.079516921489         0.54017E-03
   -125.079643331908   -125.079643331908         0.26709E-03
   -125.080916941211   -125.080916941211         0.25363E-03
   -125.085210678218   -125.085210678218         0.22998E-03
   -125.086573811737   -125.086573811737         0.30346E-03
   -125.081512467005   -125.081512467005         0.34621E-03
   -125.082766406597   -125.082766406597         0.23021E-03
   -125.082725933312   -125.082725933312         0.31303E-03
   -125.083452086463   -125.083452086463         0.29176E-03
   -125.089965302472   -125.089965302472         0.23404E-03
   -125.083938719544   -125.083938719544         0.22332E-03
   -125.080047997365   -125.080047997365         0.40528E-03
   -125.078219450613   -125.078219450613         0.35830E-03
   -125.078934219773   -125.078934219773         0.27026E-03
   -125.078790812550   -125.078790812550         0.30103E-03
   -125.079977564557   -125.079977564557         0.27579E-03
   -125.084378727052   -125.084378727052         0.45128E-03
   -125.080084278119   -125.080084278119         0.62659E-03
   -125.085204888225   -125.085204888225         0.28240E-03
   -125.078712649867   -125.078712649867         0.23893E-03
   -125.082428939937   -125.082428939937         0.75582E-03
   -125.089795356145   -125.089795356145         0.35329E-03
   -125.081938084614   -125.081938084614         0.23284E-03
   -125.084696544875   -125.084696544875         0.26875E-03
   -125.083215036637   -125.083215036637         0.33519E-03
   -125.083518514813   -125.083518514813         0.54621E-04
   -125.082998327553   -125.082998327553         0.19309E-03
   -125.080678971133   -125.080678971133         0.22635E-03
   -125.078395795480   -125.078395795480         0.45182E-03
   -125.084257202420   -125.084257202420         0.51391E-03
   -125.079111122086   -125.079111122086         0.35787E-03
   -125.080674851673   -125.080674851673         0.22532E-03
   -125.086676930378   -125.086676930378         0.34085E-03
   -125.082229198678   -125.082229198678         0.39594E-03
   -125.087895531186   -125.087895531186         0.31572E-03
   -125.081765287697   -125.081765287697         0.56593E-03
   -125.083396985054   -125.083396985054         0.41910E-03
   -125.080428047657   -125.080428047657         0.50282E-03
   -125.086528221223   -125.086528221223         0.37087E-03
   -125.089161855769   -125.089161855769         0.20318E-03
   -125.085472556439   -125.085472556439         0.20948E-03
   -125.089866500188   -125.089866500188         0.70007E-03
   -125.080188724565   -125.080188724565         0.25464E-03
   -125.081924581769   -125.081924581769         0.26846E-03
   -125.081130130072   -125.081130130072         0.32791E-03
   -125.086429186471   -125.086429186471         0.65918E-03
   -125.085260186685   -125.085260186685         0.31646E-03
   -125.084235948356   -125.084235948356         0.19739E-03
   -125.086911339876   -125.086911339876         0.22895E-03
   -125.084404090339   -125.084404090339         0.42795E-03
   -125.085058315704   -125.085058315704         0.20848E-03
   -125.077349205151   -125.077349205151         0.14831E-03
   -125.081935951952   -125.081935951952         0.65133E-03
   -125.084667227589   -125.084667227589         0.34223E-03
   -125.094074414354   -125.094074414354         0.20443E-03
   -125.092667386902   -125.092667386902         0.29232E-03
   -125.084055727610   -125.084055727610         0.37603E-03
   -125.090487724607   -125.090487724607         0.18509E-03
   -125.086175678705   -125.086175678705         0.49938E-03
   -125.079521060618   -125.079521060618         0.57464E-03
   -125.083170765355   -125.083170765355         0.29412E-03
   -125.085348098131   -125.085348098131         0.27990E-03
   -125.090485625068   -125.090485625068         0.28198E-03
   -125.087411993109   -125.087411993109         0.24649E-03
   -125.079484611595   -125.079484611595         0.18531E-03
   -125.087274684688   -125.087274684688         0.47806E-03
   -125.082479640125   -125.082479640125         0.16470E-03
   -125.082006026205   -125.082006026205         0.40890E-03
   -125.081936579137   -125.081936579137         0.44721E-03
   -125.082947759665   -125.082947759665         0.61701E-03
   -125.084443932676   -125.084443932676         0.62401E-03
   -125.083668726883   -125.083668726883         0.21624E-03
   -125.083014800874   -125.083014800874         0.27022E-03
   -125.077407948911   -125.077407948911         0.63510E-03
   -125.080680385096   -125.080680385096         0.22692E-03
   -125.082390090683   -125.082390090683         0.30350E-03
   -125.083030299763   -125.083030299763         0.29272E-03
   -125.087898798852   -125.087898798852         0.22862E-03
   -125.085408966077   -125.085408966077         0.15954E-03
   -125.082988435732   -125.082988435732         0.26932E-03
   -125.079839195248   -125.079839195248         0.35592E-03
   -125.084137803872   -125.084137803872         0.29338E-03
   -125.083547013302   -125.083547013302         0.32946E-03
   -125.085108770743   -125.085108770743         0.20785E-03
   -125.092659265911   -125.092659265911         0.25351E-03
   -125.079709900466   -125.079709900466         0.22090E-03
   -125.088902960903   -125.088902960903         0.20684E-03
   -125.085017872073   -125.085017872073         0.31182E-03
   -125.081864307535   -125.081864307535         0.27836E-03
   -125.088014096321   -125.088014096321         0.35843E-03
   -125.085044029963   -125.085044029963         0.30028E-03
   -125.083659231697   -125.083659231697         0.21927E-03
   -125.085461371265   -125.085461371265         0.66449E-03
   -125.081898075120   -125.081898075120         0.31007E-03
   -125.079468454517   -125.079468454517         0.36030E-03
   -125.083803022797   -125.083803022797         0.25507E-03
   -125.081008338245   -125.081008338245         0.18842E-03
   -125.084533448728   -125.084533448728         0.25519E-03
   -125.085560805187   -125.085560805187         0.76525E-03
   -125.090454657725   -125.090454657725         0.65364E-03
   -125.083635431049   -125.083635431049         0.23332E-03
   -125.085953885728   -125.085953885728         0.26256E-03
   -125.083558281008   -125.083558281008         0.27107E-03
   -125.084302936153   -125.084302936153         0.75439E-03
   -125.089878147415   -125.089878147415         0.30320E-03
   -125.078744445200   -125.078744445200         0.19657E-03
   -125.086194798607   -125.086194798607         0.17339E-03
   -125.080068421051   -125.080068421051         0.25180E-03
   -125.089885907072   -125.089885907072         0.26524E-03
   -125.089265240639   -125.089265240639         0.14969E-03
   -125.084487346816   -125.084487346816         0.22309E-03
   -125.087896894150   -125.087896894150         0.42515E-03
   -125.084695158382   -125.084695158382         0.23252E-03
   -125.078821761288   -125.078821761288         0.21712E-03
   -125.083438470540   -125.083438470540         0.17980E-03
   -125.081934220099   -125.081934220099         0.56211E-03
   -125.080050169109   -125.080050169109         0.57544E-03
   -125.090813185120   -125.090813185120         0.34972E-03
   -125.083394024304   -125.083394024304         0.69800E-03
   -125.084178893361   -125.084178893361         0.76772E-03
   -125.089245766259   -125.089245766259         0.17925E-03
   -125.086669041116   -125.086669041116         0.59148E-03
   -125.084498268447   -125.084498268447         0.28147E-03
   -125.081836178236   -125.081836178236         0.61047E-03
   -125.093585323237   -125.093585323237         0.70642E-03
   -125.078105923781   -125.078105923781         0.33543E-03
   -125.080341546285   -125.080341546285         0.31203E-03
   -125.089040360787   -125.089040360787         0.19329E-03
   -125.087895651884   -125.087895651884         0.22024E-03
   -125.081434732205   -125.081434732205         0.27462E-03
   -125.079920672998   -125.079920672998         0.38998E-03
   -125.091242280398   -125.091242280398         0.17413E-03
   -125.090921266185   -125.090921266185         0.21461E-03
   -125.083277262760   -125.083277262760         0.29743E-03
   -125.082174705280   -125.082174705280         0.24713E-03
   -125.090324067513   -125.090324067513         0.28319E-03
   -125.081303798344   -125.081303798344         0.37510E-03
   -125.082402922818   -125.082402922818         0.27521E-03
   -125.096142291330   -125.096142291330         0.30562E-03
   -125.083441808832   -125.083441808832         0.36269E-03
   -125.085224028523   -125.085224028523         0.20127E-03
   -125.081796361943   -125.081796361943         0.21267E-03
   -125.089882414982   -125.089882414982         0.19739E-03
   -125.083197597565   -125.083197597565         0.64832E-03
   -125.078959319403   -125.078959319403         0.55190E-03
   -125.080021682097   -125.080021682097         0.70843E-03
   -125.089769373723   -125.089769373723         0.26352E-03
   -125.077962524643   -125.077962524643         0.23664E-03
   -125.085917902776   -125.085917902776         0.27293E-03
   -125.080579647445   -125.080579647445         0.21446E-03
   -125.086662472830   -125.086662472830         0.55750E-03
   -125.085342413680   -125.085342413680         0.20856E-03
   -125.084246491479   -125.084246491479         0.57842E-03
   -125.085853039963   -125.085853039963         0.37823E-03
   -125.084452604716   -125.084452604716         0.23055E-03
   -125.078238607678   -125.078238607678         0.61830E-03
   -125.087369122616   -125.087369122616         0.34597E-03
   -125.078455853310   -125.078455853310         0.42043E-03
   -125.080784120508   -125.080784120508         0.16834E-03
   -125.077821305430   -125.077821305430         0.21632E-03
   -125.080076211092   -125.080076211092         0.56139E-03
   -125.081483620133   -125.081483620133         0.60874E-03
   -125.089181463058   -125.089181463058         0.35814E-03
   -125.086105144765   -125.086105144765         0.31390E-03
   -125.092668269569   -125.092668269569         0.67610E-03
   -125.091535459581   -125.091535459581         0.20500E-03
   -125.093592620154   -125.093592620154         0.22799E-03
   -125.084470158734   -125.084470158734         0.41342E-03
   -125.085289602201   -125.085289602201         0.33740E-03
   -125.080791167475   -125.080791167475         0.20002E-03
   -125.080307519049   -125.080307519049         0.44784E-03
   -125.078008389330   -125.078008389330         0.35039E-03
   -125.085033925108   -125.085033925108         0.59389E-03
   -125.080174433185   -125.080174433185         0.15924E-03
   -125.082700059776   -125.082700059776         0.26286E-03
   -125.087369425727   -125.087369425727         0.29179E-03
   -125.085721676642   -125.085721676642         0.23315E-03
   -125.084445068067   -125.084445068067         0.31979E-03
   -125.083288987715   -125.083288987715         0.21730E-03
   -125.081417218481   -125.081417218481         0.35110E-03
   -125.082095593882   -125.082095593882         0.35849E-03
   -125.079724654829   -125.079724654829         0.64087E-03
   -125.078042713581   -125.078042713581         0.62173E-03
   -125.082743038491   -125.082743038491         0.48130E-03
   -125.081785900696   -125.081785900696         0.26860E-03
   -125.091337343524   -125.091337343524         0.32918E-03
   -125.078351542046   -125.078351542046         0.22303E-03
   -125.087273993953   -125.087273993953         0.35079E-03
   -125.085418212353   -125.085418212353         0.16527E-03
   -125.080206345275   -125.080206345275         0.58936E-03
   -125.085110135445   -125.085110135445         0.31409E-03
   -125.087128199937   -125.087128199937         0.73102E-03
   -125.080807966049   -125.080807966049         0.65495E-03
   -125.079021683712   -125.079021683712         0.40415E-03
   -125.088147632899   -125.088147632899         0.47312E-03
   -125.084873137247   -125.084873137247         0.33669E-03
   -125.084203623127   -125.084203623127         0.22570E-03
   -125.086164852757   -125.086164852757         0.21045E-03
   -125.086249692731   -125.086249692731         0.29819E-03
   -125.078871656799   -125.078871656799         0.39977E-03
   -125.077608624854   -125.077608624854         0.19643E-03
   -125.081452468740   -125.081452468740         0.27438E-03
   -125.077958553288   -125.077958553288         0.16911E-03
   -125.083521352615   -125.083521352615         0.25971E-03
   -125.083810459508   -125.083810459508         0.16633E-03
   -125.088608128758   -125.088608128758         0.36121E-03
   -125.089238108844   -125.089238108844         0.44845E-03
   -125.087192400809   -125.087192400809         0.26003E-03
   -125.081856000878   -125.081856000878         0.25818E-03
   -125.078467284764   -125.078467284764         0.21050E-03
   -125.085061843358   -125.085061843358         0.20329E-03
   -125.080195456055   -125.080195456055         0.36086E-03
   -125.085130281927   -125.085130281927         0.25965E-03
   -125.087450948608   -125.087450948608         0.67661E-03
   -125.077163751740   -125.077163751740         0.20654E-03
   -125.093127861083   -125.093127861083         0.23714E-03
   -125.089869036151   -125.089869036151         0.26808E-03
   -125.087235001187   -125.087235001187         0.24238E-03
   -125.079035056935   -125.079035056935         0.28362E-03
   -125.081435365058   -125.081435365058         0.39476E-03
   -125.084419998345   -125.084419998345         0.68137E-03
   -125.083430530492   -125.083430530492         0.19446E-03
   -125.081361958170   -125.081361958170         0.30852E-03
   -125.076722376535   -125.076722376535         0.61234E-03
   -125.077730826885   -125.077730826885         0.30961E-03
   -125.086576690411   -125.086576690411         0.26445E-03
   -125.078005668137   -125.078005668137         0.21298E-03
   -125.084532067680   -125.084532067680         0.29653E-03
   -125.088800432920   -125.088800432920         0.57082E-03
   -125.081452610347   -125.081452610347         0.20983E-03
   -125.083312724803   -125.083312724803         0.21984E-03
   -125.083653211872   -125.083653211872         0.23558E-03
   -125.078196142076   -125.078196142076         0.27912E-03
   -125.080855122986   -125.080855122986         0.26429E-03
   -125.084866298652   -125.084866298652         0.23147E-03
   -125.078974796378   -125.078974796378         0.22837E-03
   -125.087501100382   -125.087501100382         0.20048E-03
   -125.082523982840   -125.082523982840         0.22349E-03
   -125.082253416774   -125.082253416774         0.22240E-03
   -125.081659486936   -125.081659486936         0.20208E-03
   -125.086610264477   -125.086610264477         0.31505E-03
   -125.077694168043   -125.077694168043         0.34813E-03
   -125.083514606878   -125.083514606878         0.32355E-03
   -125.080340312949   -125.080340312949         0.29664E-03
   -125.080197154239   -125.080197154239         0.24099E-03
   -125.080698044970   -125.080698044970         0.20741E-03
   -125.077990334999   -125.077990334999         0.31017E-03
   -125.088702223733   -125.088702223733         0.21171E-03
   -125.084888132509   -125.084888132509         0.69896E-03
   -125.087140485666   -125.087140485666         0.27818E-03
   -125.079764741636   -125.079764741636         0.61478E-03
   -125.086518859093   -125.086518859093         0.28918E-03
   -125.087148345835   -125.087148345835         0.17863E-03
   -125.082728618555   -125.082728618555         0.32944E-03
   -125.083212728404   -125.083212728404         0.63304E-04
   -125.079076776926   -125.079076776926         0.33264E-03
   -125.082927235709   -125.082927235709         0.36338E-03
   -125.083216093668   -125.083216093668         0.22162E-03
   -125.083457457110   -125.083457457110         0.28877E-03
   -125.082246897399   -125.082246897399         0.78367E-03
   -125.085111985510   -125.085111985510         0.26245E-03
   -125.079727583620   -125.079727583620         0.26024E-03
   -125.083912398943   -125.083912398943         0.33782E-03
   -125.076255338906   -125.076255338906         0.31208E-03
   -125.085560936026   -125.085560936026         0.30500E-03
   -125.079988346600   -125.079988346600         0.73078E-03
   -125.093128738791   -125.093128738791         0.19528E-03
   -125.080774785316   -125.080774785316         0.42716E-03
   -125.079245886950   -125.079245886950         0.22454E-03
   -125.085946967158   -125.085946967158         0.40707E-03
   -125.078511131413   -125.078511131413         0.26061E-03
   -125.084831697732   -125.084831697732         0.21703E-03
   -125.077564360931   -125.077564360931         0.68087E-03
   -125.084026994266   -125.084026994266         0.53282E-03
   -125.079008831228   -125.079008831228         0.19862E-03
   -125.089727623188   -125.089727623188         0.16152E-03
   -125.082638895776   -125.082638895776         0.59449E-03
   -125.088019040080   -125.088019040080         0.43065E-03
   -125.082416427867   -125.082416427867         0.58973E-03
   -125.093696095359   -125.093696095359         0.36599E-03
   -125.083744017149   -125.083744017149         0.63147E-03
   -125.078079691979   -125.078079691979         0.19856E-03
   -125.082236518814   -125.082236518814         0.20402E-03
   -125.079287232873   -125.079287232873         0.43598E-03
   -125.079494303612   -125.079494303612         0.24461E-03
   -125.080141929883   -125.080141929883         0.98501E-04
   -125.090543333077   -125.090543333077         0.19609E-03
   -125.086569507122   -125.086569507122         0.13310E-03
   -125.082824077118   -125.082824077118         0.50195E-03
   -125.080217651824   -125.080217651824         0.38967E-03
   -125.084923880334   -125.084923880334         0.26454E-03
   -125.083006210477   -125.083006210477         0.36409E-03
   -125.082637298086   -125.082637298086         0.27521E-03
   -125.094073759559   -125.094073759559         0.29403E-03
   -125.088784600888   -125.088784600888         0.41369E-03
   -125.083311090210   -125.083311090210         0.16198E-03
   -125.081456818536   -125.081456818536         0.73665E-03
   -125.085076392018   -125.085076392018         0.58585E-03
   -125.076620078206   -125.076620078206         0.38889E-03
   -125.076919574546   -125.076919574546         0.17112E-03
   -125.076261608598   -125.076261608598         0.28283E-03
   -125.081026344197   -125.081026344197         0.22549E-03
   -125.083744707887   -125.083744707887         0.18034E-03
   -125.076895474942   -125.076895474942         0.19842E-03
   -125.087939766386   -125.087939766386         0.21763E-03
   -125.080788592385   -125.080788592385         0.51913E-03
   -125.083394714657   -125.083394714657         0.28052E-03
   -125.082524529429   -125.082524529429         0.48624E-03
   -125.089069459501   -125.089069459501         0.14772E-03
   -125.084470347710   -125.084470347710         0.23143E-03
   -125.089834953885   -125.089834953885         0.66712E-03
   -125.086736438000   -125.086736438000         0.14687E-03
   -125.080723093139   -125.080723093139         0.17974E-03
   -125.080924364366   -125.080924364366         0.15881E-03
   -125.084235172714   -125.084235172714         0.35265E-03
   -125.076603550084   -125.076603550084         0.23016E-03
   -125.085271727012   -125.085271727012         0.25284E-03
   -125.083409238502   -125.083409238502         0.23099E-03
   -125.079588926939   -125.079588926939         0.19740E-03
   -125.076908144781   -125.076908144781         0.21603E-03
   -125.080267821138   -125.080267821138         0.65291E-03
   -125.084055257517   -125.084055257517         0.24246E-03
   -125.081223834522   -125.081223834522         0.30271E-03
   -125.078351797003   -125.078351797003         0.22759E-03
   -125.089349160917   -125.089349160917         0.28052E-03
   -125.078134506251   -125.078134506251         0.43714E-03
   -125.082301300506   -125.082301300506         0.31183E-03
   -125.083555862101   -125.083555862101         0.30846E-03
   -125.087979846064   -125.087979846064         0.21324E-03
   -125.088970658538   -125.088970658538         0.34785E-03
   -125.095964961641   -125.095964961641         0.18821E-03
   -125.087266368589   -125.087266368589         0.20203E-03
   -125.085427432000   -125.085427432000         0.32732E-03
   -125.082930730882   -125.082930730882         0.68370E-03
   -125.075788899594   -125.075788899594         0.25046E-03
   -125.078582804170   -125.078582804170         0.62435E-03
   -125.082967901552   -125.082967901552         0.42182E-03
   -125.079017610072   -125.079017610072         0.21186E-03
   -125.086226308233   -125.086226308233         0.26320E-03
   -125.081247921405   -125.081247921405         0.29328E-03
   -125.085132700281   -125.085132700281         0.58840E-03
   -125.079568109098   -125.079568109098         0.57271E-03
   -125.084453425001   -125.084453425001         0.31017E-03
   -125.078794775104   -125.078794775104         0.22857E-03
   -125.076483979501   -125.076483979501         0.10288E-03
   -125.083232716533   -125.083232716533         0.20461E-03
   -125.080531839559   -125.080531839559         0.30450E-03
   -125.080135609947   -125.080135609947         0.35645E-03
   -125.085190390177   -125.085190390177         0.28379E-03
   -125.082839747373   -125.082839747373         0.25753E-03
   -125.078135341064   -125.078135341064         0.28808E-03
   -125.090334925438   -125.090334925438         0.22100E-03
   -125.079582649212   -125.079582649212         0.22666E-03
   -125.086996025497   -125.086996025497         0.35950E-03
   -125.077821889559   -125.077821889559         0.23879E-03
   -125.080574459252   -125.080574459252         0.23668E-03
   -125.084841864284   -125.084841864284         0.27598E-03
   -125.079816131152   -125.079816131152         0.27464E-03
   -125.082030600542   -125.082030600542         0.64722E-03
   -125.076833873528   -125.076833873528         0.11764E-03
   -125.078171106269   -125.078171106269         0.23008E-03
   -125.082555335137   -125.082555335137         0.11630E-03
   -125.080067215318   -125.080067215318         0.66793E-03
   -125.080487858018   -125.080487858018         0.29070E-03
   -125.081815612347   -125.081815612347         0.67183E-03
   -125.077707716331   -125.077707716331         0.23081E-03
   -125.080208389829   -125.080208389829         0.24708E-03
   -125.082322919171   -125.082322919171         0.20389E-03
   -125.078172336372   -125.078172336372         0.26457E-03
   -125.080785891386   -125.080785891386         0.21673E-03
   -125.096146482238   -125.096146482238         0.26361E-03
   -125.080785655336   -125.080785655336         0.24348E-03
   -125.086733646911   -125.086733646911         0.23800E-03
   -125.078170828785   -125.078170828785         0.31855E-03
   -125.083311192345   -125.083311192345         0.22700E-03
   -125.078621505106   -125.078621505106         0.23549E-03
   -125.083567861989   -125.083567861989         0.28432E-03
   -125.084269496728   -125.084269496728         0.22005E-03
   -125.086248584220   -125.086248584220         0.36536E-03
   -125.081092074025   -125.081092074025         0.19520E-03
   -125.079974275849   -125.079974275849         0.27688E-03
   -125.077232402455   -125.077232402455         0.36552E-03
   -125.083351283177   -125.083351283177         0.35226E-03
   -125.089845147977   -125.089845147977         0.14398E-03
   -125.078275727980   -125.078275727980         0.67624E-03
   -125.081728983665   -125.081728983665         0.27694E-03
   -125.076953386445   -125.076953386445         0.79528E-03
   -125.083376660928   -125.083376660928         0.66157E-03
   -125.075452838659   -125.075452838659         0.27364E-03
   -125.081864280458   -125.081864280458         0.71251E-03
   -125.087857933075   -125.087857933075         0.28916E-03
   -125.079757301874   -125.079757301874         0.24731E-03
   -125.075840987160   -125.075840987160         0.28083E-03
   -125.084514204666   -125.084514204666         0.25193E-03
   -125.083321546371   -125.083321546371         0.30355E-03
   -125.076103020932   -125.076103020932         0.25328E-03
   -125.081860157248   -125.081860157248         0.66947E-03
   -125.078776786825   -125.078776786825         0.32672E-03
   -125.084604285406   -125.084604285406         0.49896E-03
   -125.082954153428   -125.082954153428         0.62434E-03
   -125.079020088224   -125.079020088224         0.32705E-03
   -125.086055330303   -125.086055330303         0.25539E-03
   -125.083615605994   -125.083615605994         0.60153E-03
   -125.086673670044   -125.086673670044         0.43189E-03
   -125.080350577188   -125.080350577188         0.36119E-03
   -125.081202527267   -125.081202527267         0.25702E-03
   -125.084951491434   -125.084951491434         0.29584E-03
   -125.078398655405   -125.078398655405         0.52167E-03
   -125.080226927761   -125.080226927761         0.33079E-03
   -125.080356969105   -125.080356969105         0.26433E-03
   -125.083805673168   -125.083805673168         0.31749E-03
   -125.078272574897   -125.078272574897         0.33786E-03
   -125.085993317166   -125.085993317166         0.27827E-03
   -125.076800027851   -125.076800027851         0.30151E-03
   -125.083544158442   -125.083544158442         0.48267E-03
   -125.080904352425   -125.080904352425         0.54528E-03
   -125.080018543032   -125.080018543032         0.24821E-03
   -125.085440197453   -125.085440197453         0.38390E-03
   -125.081677995071   -125.081677995071         0.17980E-03
   -125.083512821168   -125.083512821168         0.20535E-03
   -125.085081016445   -125.085081016445         0.59391E-03
   -125.082279062312   -125.082279062312         0.26718E-03
   -125.085470182331   -125.085470182331         0.21356E-03
   -125.092662683510   -125.092662683510         0.29063E-03
   -125.079256454112   -125.079256454112         0.21559E-03
   -125.078802396432   -125.078802396432         0.21112E-03
   -125.078486048008   -125.078486048008         0.33052E-03
   -125.096146695191   -125.096146695191         0.25629E-03
   -125.081062379882   -125.081062379882         0.13331E-03
   -125.085040296636   -125.085040296636         0.78231E-03
   -125.078299772063   -125.078299772063         0.29630E-03
   -125.080680917368   -125.080680917368         0.27730E-03
   -125.076381878640   -125.076381878640         0.26019E-03
   -125.079524934377   -125.079524934377         0.63334E-03
   -125.076595096028   -125.076595096028         0.62357E-03
   -125.077177431135   -125.077177431135         0.54738E-03
   -125.087359577649   -125.087359577649         0.28469E-03
   -125.083441828777   -125.083441828777         0.28179E-03
   -125.089075342726   -125.089075342726         0.27220E-03
   -125.080349360436   -125.080349360436         0.28561E-03
   -125.079269765313   -125.079269765313         0.33193E-03
   -125.076479344884   -125.076479344884         0.71374E-03
   -125.078454595968   -125.078454595968         0.48908E-03
   -125.080725245107   -125.080725245107         0.38122E-03
   -125.079176169340   -125.079176169340         0.52239E-03
   -125.084185519972   -125.084185519972         0.25528E-03
   -125.083506561184   -125.083506561184         0.19595E-03
   -125.080545490961   -125.080545490961         0.69250E-03
   -125.080161411284   -125.080161411284         0.58909E-03
   -125.084161936065   -125.084161936065         0.20665E-03
   -125.080338382007   -125.080338382007         0.55066E-03
   -125.078493806290   -125.078493806290         0.30774E-03
   -125.096148110197   -125.096148110197         0.41203E-03
   -125.083500830490   -125.083500830490         0.30666E-03
   -125.076584364193   -125.076584364193         0.21076E-03
   -125.079437494645   -125.079437494645         0.40778E-03
   -125.083910774456   -125.083910774456         0.26547E-03
   -125.081225500993   -125.081225500993         0.43325E-03
   -125.076950720343   -125.076950720343         0.35053E-03
   -125.081853052689   -125.081853052689         0.72179E-03
   -125.083553284535   -125.083553284535         0.27938E-03
   -125.085973991605   -125.085973991605         0.29876E-03
   -125.077441803876   -125.077441803876         0.42317E-03
   -125.083676417807   -125.083676417807         0.27211E-03
   -125.078840161028   -125.078840161028         0.26221E-03
   -125.074734503325   -125.074734503325         0.17501E-03
   -125.088841772642   -125.088841772642         0.21861E-03
   -125.079763763813   -125.079763763813         0.21145E-03
   -125.078520916508   -125.078520916508         0.29176E-03
   -125.077675623475   -125.077675623475         0.37750E-03
   -125.085470364400   -125.085470364400         0.22629E-03
   -125.079823069857   -125.079823069857         0.21900E-03
   -125.080192184768   -125.080192184768         0.21095E-03
   -125.089346355133   -125.089346355133         0.26455E-03
   -125.080796613236   -125.080796613236         0.22969E-03
   -125.079259263191   -125.079259263191         0.20562E-03
   -125.076967751179   -125.076967751179         0.73811E-03
   -125.078976152414   -125.078976152414         0.23462E-03
   -125.080157264788   -125.080157264788         0.18954E-03
   -125.084854419323   -125.084854419323         0.28684E-03
   -125.087141069116   -125.087141069116         0.57434E-03
   -125.089790918455   -125.089790918455         0.25003E-03
   -125.089617904296   -125.089617904296         0.39367E-03
   -125.082372778647   -125.082372778647         0.24953E-03
   -125.086461928542   -125.086461928542         0.46367E-03
   -125.081222034045   -125.081222034045         0.24203E-03
   -125.084816712967   -125.084816712967         0.49644E-03
   -125.087464650307   -125.087464650307         0.23054E-03
   -125.086153235359   -125.086153235359         0.79075E-03
   -125.086794390938   -125.086794390938         0.26363E-03
   -125.081225048375   -125.081225048375         0.20290E-03
   -125.082523215098   -125.082523215098         0.17143E-03
   -125.080782780682   -125.080782780682         0.43782E-03
   -125.076789360295   -125.076789360295         0.37147E-03
   -125.089709649703   -125.089709649703         0.23010E-03
   -125.091696684274   -125.091696684274         0.21514E-03
   -125.080902991382   -125.080902991382         0.31836E-03
   -125.084798233873   -125.084798233873         0.28247E-03
   -125.077134165671   -125.077134165671         0.23248E-03
   -125.081246286236   -125.081246286236         0.59771E-03
   -125.080302344873   -125.080302344873         0.28544E-03
   -125.075229306556   -125.075229306556         0.39800E-03
   -125.077859368877   -125.077859368877         0.60082E-04
   -125.081619978880   -125.081619978880         0.17688E-03
   -125.085301700245   -125.085301700245         0.20976E-03
   -125.078967739438   -125.078967739438         0.20569E-03
   -125.075036753302   -125.075036753302         0.45940E-03
   -125.079455963035   -125.079455963035         0.27924E-03
   -125.086607038992   -125.086607038992         0.24063E-03
   -125.092591668415   -125.092591668415         0.45551E-03
   -125.075011029232   -125.075011029232         0.26523E-03
   -125.079317665035   -125.079317665035         0.74252E-03
   -125.084924728111   -125.084924728111         0.24188E-03
   -125.074942111991   -125.074942111991         0.24309E-03
   -125.088422624702   -125.088422624702         0.27599E-03
   -125.081813660912   -125.081813660912         0.58496E-03
   -125.075821217262   -125.075821217262         0.30912E-03
   -125.078931916979   -125.078931916979         0.20872E-03
   -125.084217045092   -125.084217045092         0.98656E-04
   -125.091310226797   -125.091310226797         0.34845E-03
   -125.078456975826   -125.078456975826         0.50219E-03
   -125.089830051700   -125.089830051700         0.27866E-03
   -125.081692801741   -125.081692801741         0.40813E-03
   -125.084901566093   -125.084901566093         0.12909E-03
   -125.087465488204   -125.087465488204         0.27893E-03
   -125.085059568783   -125.085059568783         0.23229E-03
   -125.080785795697   -125.080785795697         0.21779E-03
   -125.081404343868   -125.081404343868         0.18235E-03
   -125.079882912294   -125.079882912294         0.15265E-03
   -125.095147740687   -125.095147740687         0.26047E-03
   -125.080941252479   -125.080941252479         0.31371E-03
   -125.078147419428   -125.078147419428         0.34652E-03
   -125.076402115404   -125.076402115404         0.34140E-03
   -125.084043159799   -125.084043159799         0.17622E-03
   -125.089275632405   -125.089275632405         0.63615E-03
   -125.080690002377   -125.080690002377         0.36239E-03
   -125.081566519064   -125.081566519064         0.67312E-03
   -125.080067817693   -125.080067817693         0.20397E-03
   -125.078750707084   -125.078750707084         0.23285E-03
   -125.076996484662   -125.076996484662         0.19807E-03
   -125.076421631089   -125.076421631089         0.24863E-03
   -125.078018713242   -125.078018713242         0.30641E-03
   -125.084387470146   -125.084387470146         0.62995E-04
   -125.096149200840   -125.096149200840         0.22894E-03
   -125.080905557452   -125.080905557452         0.30195E-03
   -125.078159451251   -125.078159451251         0.60580E-03
   -125.086733833381   -125.086733833381         0.16448E-03
   -125.078356397580   -125.078356397580         0.57374E-03
   -125.092216979394   -125.092216979394         0.23610E-03
   -125.078329353211   -125.078329353211         0.31390E-03
   -125.083923201850   -125.083923201850         0.64459E-03
   -125.081179765250   -125.081179765250         0.22892E-03
   -125.089507894515   -125.089507894515         0.75057E-04
   -125.076088907590   -125.076088907590         0.20953E-03
   -125.091499365303   -125.091499365303         0.22884E-03
   -125.076977600102   -125.076977600102         0.32332E-03
   -125.082192836217   -125.082192836217         0.52317E-03
   -125.081947431688   -125.081947431688         0.29227E-03
   -125.077357405286   -125.077357405286         0.35193E-03
   -125.087227786354   -125.087227786354         0.19477E-03
   -125.077953090780   -125.077953090780         0.20451E-03
   -125.074650754746   -125.074650754746         0.22000E-03
   -125.082771054752   -125.082771054752         0.22179E-03
   -125.085933766030   -125.085933766030         0.37627E-03
   -125.076562718952   -125.076562718952         0.21581E-03
   -125.083052190169   -125.083052190169         0.35433E-03
   -125.078127146184   -125.078127146184         0.19157E-03
   -125.084901776791   -125.084901776791         0.35084E-03
   -125.080795840949   -125.080795840949         0.28019E-03
   -125.080341672849   -125.080341672849         0.73915E-03
   -125.074958104965   -125.074958104965         0.20108E-03
   -125.080915240132   -125.080915240132         0.36074E-03
   -125.090511820033   -125.090511820033         0.19848E-03
   -125.081867045660   -125.081867045660         0.23697E-03
   -125.079642135142   -125.079642135142         0.62936E-03
   -125.080830331858   -125.080830331858         0.22099E-03
   -125.085000444271   -125.085000444271         0.19512E-03
   -125.078356643928   -125.078356643928         0.24135E-03
   -125.075494038548   -125.075494038548         0.21164E-03
   -125.075835839587   -125.075835839587         0.33374E-03
   -125.080345294497   -125.080345294497         0.50603E-03
   -125.076154351398   -125.076154351398         0.29007E-03
   -125.075344083219   -125.075344083219         0.69822E-03
   -125.083398877831   -125.083398877831         0.65377E-03
   -125.078511401490   -125.078511401490         0.32601E-03
   -125.078340051186   -125.078340051186         0.33592E-03
   -125.076216200910   -125.076216200910         0.24728E-03
   -125.075531421939   -125.075531421939         0.54816E-03
   -125.073731153008   -125.073731153008         0.23114E-03
   -125.080360317852   -125.080360317852         0.57404E-03
   -125.086198570391   -125.086198570391         0.63503E-04
   -125.077117400743   -125.077117400743         0.28767E-03
   -125.076860477484   -125.076860477484         0.70269E-03
   -125.080780598732   -125.080780598732         0.33105E-03
   -125.086103563787   -125.086103563787         0.55122E-03
   -125.091785783081   -125.091785783081         0.67284E-03
   -125.076926164834   -125.076926164834         0.20425E-03
   -125.080333297683   -125.080333297683         0.75124E-03
   -125.089781594175   -125.089781594175         0.42200E-03
   -125.080667905071   -125.080667905071         0.33480E-03
   -125.079182264498   -125.079182264498         0.25721E-03
   -125.078753167626   -125.078753167626         0.27519E-03
   -125.077901594972   -125.077901594972         0.17834E-03
   -125.080162600894   -125.080162600894         0.71499E-03
   -125.082972928668   -125.082972928668         0.28617E-03
   -125.079573449138   -125.079573449138         0.25272E-03
   -125.076163388148   -125.076163388148         0.67820E-03
   -125.083034765287   -125.083034765287         0.13769E-03
   -125.081093046771   -125.081093046771         0.26153E-03
   -125.078457043439   -125.078457043439         0.23635E-03
   -125.089471931786   -125.089471931786         0.51813E-03
   -125.078049475975   -125.078049475975         0.42122E-03
   -125.084785440871   -125.084785440871         0.24958E-03
   -125.085127359642   -125.085127359642         0.23077E-03
   -125.083112697205   -125.083112697205         0.19930E-03
   -125.081883723900   -125.081883723900         0.28988E-03
   -125.090297056965   -125.090297056965         0.18472E-03
   -125.075906525948   -125.075906525948         0.59919E-03
   -125.080066174483   -125.080066174483         0.24818E-03
   -125.085092523087   -125.085092523087         0.19173E-03
   -125.081803538998   -125.081803538998         0.20182E-03
   -125.077445677790   -125.077445677790         0.42123E-03
   -125.087228259462   -125.087228259462         0.24933E-03
   -125.087746762440   -125.087746762440         0.22495E-03
   -125.077537688778   -125.077537688778         0.33070E-03
   -125.079204656295   -125.079204656295         0.66749E-03
   -125.075210802708   -125.075210802708         0.20603E-03
   -125.076790010773   -125.076790010773         0.21889E-03
   -125.087435762261   -125.087435762261         0.60647E-03
   -125.079427764093   -125.079427764093         0.27109E-03
   -125.075815519866   -125.075815519866         0.23033E-03
   -125.082120987171   -125.082120987171         0.71065E-03
   -125.086413626471   -125.086413626471         0.32250E-03
   -125.082861033629   -125.082861033629         0.28042E-03
   -125.085943660216   -125.085943660216         0.70644E-03
   -125.074454614916   -125.074454614916         0.37701E-03
   -125.077354140812   -125.077354140812         0.76260E-03
   -125.091700684264   -125.091700684264         0.21413E-03
   -125.089202939885   -125.089202939885         0.53045E-03
   -125.083673738576   -125.083673738576         0.20444E-03
   -125.088225698818   -125.088225698818         0.25443E-03
   -125.078744344187   -125.078744344187         0.45378E-03
   -125.079563502161   -125.079563502161         0.30606E-03
   -125.086277292120   -125.086277292120         0.27375E-03
   -125.084884513978   -125.084884513978         0.26324E-03
   -125.078447241043   -125.078447241043         0.33174E-03
   -125.087786856164   -125.087786856164         0.57748E-03
   -125.082961750942   -125.082961750942         0.24414E-03
   -125.082933504080   -125.082933504080         0.23053E-03
   -125.083222665911   -125.083222665911         0.27690E-03
   -125.080722170078   -125.080722170078         0.25021E-03
   -125.079715235480   -125.079715235480         0.26521E-03
   -125.090080284173   -125.090080284173         0.27562E-03
   -125.081941507606   -125.081941507606         0.32173E-03
   -125.079761065570   -125.079761065570         0.76531E-03
   -125.087549206494   -125.087549206494         0.29612E-03
   -125.080785459208   -125.080785459208         0.40514E-03
   -125.079708988226   -125.079708988226         0.46025E-03
   -125.077232985290   -125.077232985290         0.37572E-03
   -125.083788795043   -125.083788795043         0.29103E-03
   -125.076834689548   -125.076834689548         0.39231E-03
   -125.078082096972   -125.078082096972         0.25872E-03
   -125.079783534110   -125.079783534110         0.55739E-03
   -125.089871879914   -125.089871879914         0.22560E-03
   -125.085282466250   -125.085282466250         0.23823E-03
   -125.081220502627   -125.081220502627         0.24688E-03
   -125.079479354729   -125.079479354729         0.21832E-03
   -125.075228237941   -125.075228237941         0.46640E-03
   -125.080574501435   -125.080574501435         0.25626E-03
   -125.073241179039   -125.073241179039         0.26306E-03
   -125.077327773637   -125.077327773637         0.28438E-03
   -125.079857471813   -125.079857471813         0.70948E-04
   -125.091701197911   -125.091701197911         0.21480E-03
   -125.084888856269   -125.084888856269         0.21565E-03
   -125.084958713212   -125.084958713212         0.26033E-03
   -125.076810031128   -125.076810031128         0.34122E-03
   -125.077024680281   -125.077024680281         0.22357E-03
   -125.076165247198   -125.076165247198         0.29966E-03
   -125.074526355864   -125.074526355864         0.45126E-03
   -125.077180827868   -125.077180827868         0.37480E-03
   -125.083825611564   -125.083825611564         0.21238E-03
   -125.075586666951   -125.075586666951         0.36195E-03
   -125.079118104458   -125.079118104458         0.44096E-03
   -125.089252637059   -125.089252637059         0.28480E-03
   -125.076680564536   -125.076680564536         0.74907E-03
   -125.075030360920   -125.075030360920         0.24727E-03
   -125.087481494298   -125.087481494298         0.26181E-03
   -125.082918838794   -125.082918838794         0.25429E-03
   -125.080066881373   -125.080066881373         0.20849E-03
   -125.091692939171   -125.091692939171         0.28364E-03
   -125.078457455799   -125.078457455799         0.31935E-03
   -125.081757484820   -125.081757484820         0.25878E-03
   -125.085186172429   -125.085186172429         0.60803E-03
   -125.075198144602   -125.075198144602         0.59084E-03
   -125.077415903187   -125.077415903187         0.31198E-03
   -125.083921157457   -125.083921157457         0.22449E-03
   -125.080472057725   -125.080472057725         0.33718E-03
   -125.085639078842   -125.085639078842         0.34659E-03
   -125.079271419371   -125.079271419371         0.21241E-03
   -125.089812156195   -125.089812156195         0.73445E-03
   -125.079203074273   -125.079203074273         0.20093E-03
   -125.076809430964   -125.076809430964         0.24726E-03
   -125.081792872823   -125.081792872823         0.30842E-03
   -125.074104752498   -125.074104752498         0.54148E-03
   -125.084755569870   -125.084755569870         0.23410E-03
   -125.085586412030   -125.085586412030         0.30749E-03
   -125.075131700270   -125.075131700270         0.48346E-03
   -125.092517770726   -125.092517770726         0.27124E-03
   -125.075079515914   -125.075079515914         0.19732E-03
   -125.079936247285   -125.079936247285         0.40023E-03
   -125.089876928227   -125.089876928227         0.18642E-03
   -125.084259954792   -125.084259954792         0.34347E-03
   -125.081384113839   -125.081384113839         0.29431E-03
   -125.077976163911   -125.077976163911         0.29626E-03
   -125.078111247909   -125.078111247909         0.79642E-03
   -125.076922574110   -125.076922574110         0.27881E-03
   -125.076931321531   -125.076931321531         0.24288E-03
   -125.074851093207   -125.074851093207         0.29472E-03
   -125.081222941081   -125.081222941081         0.21877E-03
   -125.082926770906   -125.082926770906         0.36382E-03
   -125.095602030308   -125.095602030308         0.19261E-03
   -125.081867705084   -125.081867705084         0.35109E-03
   -125.080856713333   -125.080856713333         0.32632E-03
   -125.074533198891   -125.074533198891         0.31804E-03
   -125.086573963286   -125.086573963286         0.34189E-03
   -125.078498840513   -125.078498840513         0.39330E-03
   -125.080590589167   -125.080590589167         0.25631E-03
   -125.075338477269   -125.075338477269         0.22632E-03
   -125.074113787141   -125.074113787141         0.19092E-03
   -125.080896121426   -125.080896121426         0.36808E-03
   -125.089397395775   -125.089397395775         0.56473E-03
   -125.086504279121   -125.086504279121         0.33746E-03
   -125.079027451077   -125.079027451077         0.28626E-03
   -125.076643947332   -125.076643947332         0.25527E-03
   -125.080634682706   -125.080634682706         0.23930E-03
   -125.076702144932   -125.076702144932         0.24243E-03
   -125.087403676198   -125.087403676198         0.32281E-03
   -125.081224180678   -125.081224180678         0.26042E-03
   -125.075961402846   -125.075961402846         0.30262E-03
   -125.087780997135   -125.087780997135         0.46407E-03
   -125.078201521804   -125.078201521804         0.21397E-03
   -125.079639481822   -125.079639481822         0.63103E-03
   -125.080997630238   -125.080997630238         0.70674E-03
   -125.083561070831   -125.083561070831         0.41296E-03
   -125.076568277501   -125.076568277501         0.46270E-03
   -125.083688081103   -125.083688081103         0.22593E-03
   -125.077134796059   -125.077134796059         0.46767E-03
   -125.089870105942   -125.089870105942         0.27900E-03
   -125.084636898281   -125.084636898281         0.32644E-03
   -125.076416705902   -125.076416705902         0.23575E-03
   -125.083462690532   -125.083462690532         0.61837E-03
   -125.091693554502   -125.091693554502         0.24638E-03
   -125.079584772242   -125.079584772242         0.38668E-03
   -125.084539040712   -125.084539040712         0.59847E-03
   -125.075107412227   -125.075107412227         0.29949E-03
   -125.086596131518   -125.086596131518         0.22041E-03
   -125.082661735893   -125.082661735893         0.37057E-03
   -125.081382230231   -125.081382230231         0.71263E-03
   -125.080267824858   -125.080267824858         0.38326E-03
   -125.076921531959   -125.076921531959         0.37434E-03
   -125.075288643002   -125.075288643002         0.20539E-03
   -125.077518097300   -125.077518097300         0.49944E-03
   -125.083294325489   -125.083294325489         0.35029E-03
   -125.081618736163   -125.081618736163         0.42117E-03
   -125.080575578155   -125.080575578155         0.26280E-03
   -125.077715152158   -125.077715152158         0.21456E-03
   -125.074571080596   -125.074571080596         0.25535E-03
   -125.076930416829   -125.076930416829         0.25144E-03
   -125.079627023174   -125.079627023174         0.33912E-03
   -125.085030705862   -125.085030705862         0.12989E-03
   -125.079766206397   -125.079766206397         0.26744E-03
   -125.077401834309   -125.077401834309         0.64213E-03
   -125.080541162170   -125.080541162170         0.21887E-03
   -125.088104940955   -125.088104940955         0.32497E-03
   -125.077807974278   -125.077807974278         0.27413E-03
   -125.082627673817   -125.082627673817         0.26841E-03
   -125.072698339822   -125.072698339822         0.29955E-03
   -125.074854166377   -125.074854166377         0.20473E-03
   -125.075389677658   -125.075389677658         0.21921E-03
   -125.077231418970   -125.077231418970         0.29717E-03
   -125.083748635803   -125.083748635803         0.66511E-03
   -125.077584508579   -125.077584508579         0.19495E-03
   -125.095616973209   -125.095616973209         0.21690E-03
   -125.081452236483   -125.081452236483         0.20077E-03
   -125.081609732627   -125.081609732627         0.44873E-03
   -125.078348522491   -125.078348522491         0.38209E-03
   -125.074686495009   -125.074686495009         0.26864E-03
   -125.091352047381   -125.091352047381         0.21896E-03
   -125.084333701592   -125.084333701592         0.19284E-03
   -125.085376532872   -125.085376532872         0.37995E-03
   -125.086970711352   -125.086970711352         0.18491E-03
   -125.081795390976   -125.081795390976         0.28314E-03
   -125.080609986306   -125.080609986306         0.57401E-03
   -125.075141768646   -125.075141768646         0.23245E-03
   -125.080802559876   -125.080802559876         0.30802E-03
   -125.076620935833   -125.076620935833         0.31088E-03
   -125.078247619998   -125.078247619998         0.28863E-03
   -125.080745484641   -125.080745484641         0.43651E-03
   -125.076177723618   -125.076177723618         0.22578E-03
   -125.077736305512   -125.077736305512         0.24522E-03
   -125.089984084683   -125.089984084683         0.26041E-03
   -125.080995781911   -125.080995781911         0.77049E-03
   -125.085480790532   -125.085480790532         0.28798E-03
   -125.076758674648   -125.076758674648         0.30703E-03
   -125.080977123862   -125.080977123862         0.24503E-03
   -125.079663623818   -125.079663623818         0.64882E-04
   -125.074384981205   -125.074384981205         0.56877E-03
   -125.090501467308   -125.090501467308         0.33915E-03
   -125.087308355781   -125.087308355781         0.24015E-03
   -125.079219968657   -125.079219968657         0.17948E-03
   -125.089979608237   -125.089979608237         0.23842E-03
   -125.089840143138   -125.089840143138         0.71540E-03
   -125.083844053542   -125.083844053542         0.42730E-03
   -125.084937309588   -125.084937309588         0.29856E-03
   -125.086255610222   -125.086255610222         0.28710E-03
   -125.074097125085   -125.074097125085         0.58756E-03
   -125.087148046756   -125.087148046756         0.37436E-03
   -125.078260776229   -125.078260776229         0.21996E-03
   -125.081868888983   -125.081868888983         0.34190E-03
   -125.076736065616   -125.076736065616         0.77322E-03
   -125.074806317228   -125.074806317228         0.71707E-03
   -125.093237399841   -125.093237399841         0.33241E-03
   -125.077329687947   -125.077329687947         0.24029E-03
   -125.073729179244   -125.073729179244         0.57344E-03
   -125.092281413785   -125.092281413785         0.16654E-03
   -125.078464414450   -125.078464414450         0.53715E-03
   -125.079387177240   -125.079387177240         0.21883E-03
   -125.080335714577   -125.080335714577         0.33476E-03
   -125.083296589466   -125.083296589466         0.29565E-03
   -125.076872681913   -125.076872681913         0.56323E-03
   -125.080942479300   -125.080942479300         0.75390E-03
   -125.075730075773   -125.075730075773         0.23726E-03
   -125.086144468508   -125.086144468508         0.25926E-03
   -125.079565937824   -125.079565937824         0.32398E-03
   -125.082122716043   -125.082122716043         0.19993E-03
   -125.084870042481   -125.084870042481         0.17301E-03
   -125.085424393995   -125.085424393995         0.18677E-03
   -125.083068897974   -125.083068897974         0.59164E-04
   -125.079496184249   -125.079496184249         0.31569E-03
   -125.074229815934   -125.074229815934         0.72552E-03
   -125.090361831943   -125.090361831943         0.36518E-03
   -125.081373859925   -125.081373859925         0.14615E-03
   -125.082092379507   -125.082092379507         0.21061E-03
   -125.089879802616   -125.089879802616         0.23218E-03
   -125.076814409738   -125.076814409738         0.36052E-03
   -125.076014509494   -125.076014509494         0.18839E-03
   -125.077580399050   -125.077580399050         0.23094E-03
   -125.084855489414   -125.084855489414         0.25810E-03
   -125.080897659325   -125.080897659325         0.63750E-03
   -125.079749431467   -125.079749431467         0.28550E-03
   -125.082260908843   -125.082260908843         0.27111E-03
   -125.080678392475   -125.080678392475         0.31216E-03
   -125.078742821616   -125.078742821616         0.28102E-03
   -125.082024239869   -125.082024239869         0.58267E-03
   -125.077618378345   -125.077618378345         0.28340E-03
   -125.081001344298   -125.081001344298         0.29405E-03
   -125.086047668449   -125.086047668449         0.23002E-03
   -125.082597540650   -125.082597540650         0.65836E-03
   -125.074641529037   -125.074641529037         0.21918E-03
   -125.077540472373   -125.077540472373         0.17539E-03
   -125.084204222742   -125.084204222742         0.30756E-03
   -125.087183661609   -125.087183661609         0.48014E-03
   -125.079244968021   -125.079244968021         0.35055E-03
   -125.082124734999   -125.082124734999         0.30702E-03
   -125.076840241310   -125.076840241310         0.66639E-04
   -125.087206823932   -125.087206823932         0.49061E-03
   -125.088693819344   -125.088693819344         0.31235E-03
   -125.077507278900   -125.077507278900         0.28907E-03
   -125.084442348770   -125.084442348770         0.73848E-03
   -125.081942266802   -125.081942266802         0.24696E-03
   -125.091136556866   -125.091136556866         0.24041E-03
   -125.074535862883   -125.074535862883         0.71640E-03
   -125.076052969196   -125.076052969196         0.26151E-03
   -125.077372046574   -125.077372046574         0.23290E-03
   -125.085051582082   -125.085051582082         0.24809E-03
   -125.089875695472   -125.089875695472         0.42544E-03
   -125.075949553032   -125.075949553032         0.27866E-03
   -125.083359282437   -125.083359282437         0.23136E-03
   -125.078919976052   -125.078919976052         0.61848E-03
   -125.077082214071   -125.077082214071         0.25342E-03
   -125.093348034516   -125.093348034516         0.11487E-03
   -125.083929644770   -125.083929644770         0.68980E-04
   -125.081601511513   -125.081601511513         0.23694E-03
   -125.078668988268   -125.078668988268         0.60215E-03
   -125.084150696839   -125.084150696839         0.47274E-03
   -125.081256078156   -125.081256078156         0.28986E-03
   -125.078905155161   -125.078905155161         0.33538E-03
   -125.074894219219   -125.074894219219         0.78059E-03
   -125.079309160303   -125.079309160303         0.27258E-03
   -125.084479506611   -125.084479506611         0.31908E-03
   -125.075159046776   -125.075159046776         0.23021E-03
   -125.090068068506   -125.090068068506         0.65799E-03
   -125.080467019894   -125.080467019894         0.24915E-03
   -125.084185334204   -125.084185334204         0.57809E-03
   -125.081206689888   -125.081206689888         0.30254E-03
   -125.072351253083   -125.072351253083         0.23632E-03
   -125.075177280029   -125.075177280029         0.59228E-03
   -125.092316207906   -125.092316207906         0.16660E-03
   -125.078743433561   -125.078743433561         0.58908E-03
   -125.086633229650   -125.086633229650         0.36152E-03
   -125.073614127677   -125.073614127677         0.26737E-03
   -125.081659956493   -125.081659956493         0.22163E-03
   -125.087827813501   -125.087827813501         0.27079E-03
   -125.076756538645   -125.076756538645         0.61150E-03
   -125.083782667187   -125.083782667187         0.27811E-03
   -125.076665068774   -125.076665068774         0.20911E-03
   -125.087790666759   -125.087790666759         0.42994E-03
   -125.089073529960   -125.089073529960         0.22258E-03
   -125.081234190366   -125.081234190366         0.19132E-03
   -125.074611231648   -125.074611231648         0.24655E-03
   -125.077994258007   -125.077994258007         0.32379E-03
   -125.082393983848   -125.082393983848         0.28889E-03
   -125.073604016131   -125.073604016131         0.30424E-03
   -125.072828933933   -125.072828933933         0.19104E-03
   -125.087188980535   -125.087188980535         0.22682E-03
   -125.081497481683   -125.081497481683         0.24615E-03
   -125.079527800848   -125.079527800848         0.18463E-03
   -125.078752305095   -125.078752305095         0.39076E-03
   -125.077769125290   -125.077769125290         0.25775E-03
   -125.076408380670   -125.076408380670         0.50939E-03
   -125.082818483026   -125.082818483026         0.20405E-03
   -125.073846370307   -125.073846370307         0.31405E-03
   -125.076686911448   -125.076686911448         0.38272E-03
   -125.076208626325   -125.076208626325         0.77477E-03
   -125.073757700418   -125.073757700418         0.70327E-03
   -125.083181220139   -125.083181220139         0.25732E-03
   -125.083478442253   -125.083478442253         0.16624E-03
   -125.084014982837   -125.084014982837         0.23239E-03
   -125.077395094641   -125.077395094641         0.28224E-03
   -125.076793170599   -125.076793170599         0.79565E-03
   -125.085290180175   -125.085290180175         0.25152E-03
   -125.081472744636   -125.081472744636         0.26172E-03
   -125.083520950477   -125.083520950477         0.35278E-03
   -125.081233465293   -125.081233465293         0.21768E-03
   -125.087353491998   -125.087353491998         0.17274E-03
   -125.072355426832   -125.072355426832         0.21742E-03
   -125.074528816351   -125.074528816351         0.42142E-03
   -125.093606289284   -125.093606289284         0.31174E-03
   -125.088197947589   -125.088197947589         0.22957E-03
   -125.079100411955   -125.079100411955         0.37607E-03
   -125.077119314720   -125.077119314720         0.27738E-03
   -125.079845179321   -125.079845179321         0.39197E-03
   -125.073957820870   -125.073957820870         0.74788E-03
   -125.085452914046   -125.085452914046         0.24173E-03
   -125.080351267689   -125.080351267689         0.30857E-03
   -125.081739596206   -125.081739596206         0.21545E-03
   -125.077942230937   -125.077942230937         0.10868E-03
   -125.078767844356   -125.078767844356         0.56807E-03
   -125.084557450194   -125.084557450194         0.30070E-03
   -125.084185747350   -125.084185747350         0.39431E-03
   -125.078970353987   -125.078970353987         0.29950E-03
   -125.074985195011   -125.074985195011         0.28956E-03
   -125.079573056329   -125.079573056329         0.49613E-03
   -125.075650032232   -125.075650032232         0.54115E-03
   -125.081869407051   -125.081869407051         0.17526E-03
   -125.077574732374   -125.077574732374         0.18665E-03
   -125.083788377419   -125.083788377419         0.17861E-03
   -125.077578273964   -125.077578273964         0.28902E-03
   -125.085522667587   -125.085522667587         0.20832E-03
   -125.083754836666   -125.083754836666         0.26492E-03
   -125.081657683522   -125.081657683522         0.32628E-03
   -125.072980398824   -125.072980398824         0.21736E-03
   -125.080200633774   -125.080200633774         0.26801E-03
   -125.077973203806   -125.077973203806         0.22492E-03
   -125.081157236003   -125.081157236003         0.22099E-03
   -125.085276550765   -125.085276550765         0.30911E-03
   -125.085463530839   -125.085463530839         0.21876E-03
   -125.085192767417   -125.085192767417         0.19564E-03
   -125.086055416376   -125.086055416376         0.39834E-03
   -125.077090023229   -125.077090023229         0.25719E-03
   -125.081711247796   -125.081711247796         0.26672E-03
   -125.084084990718   -125.084084990718         0.30222E-03
   -125.076582758649   -125.076582758649         0.24942E-03
   -125.076471071269   -125.076471071269         0.62653E-03
   -125.083493176176   -125.083493176176         0.25487E-03
   -125.079334874223   -125.079334874223         0.66140E-03
   -125.081776835633   -125.081776835633         0.66487E-03
   -125.074595322210   -125.074595322210         0.65794E-03
   -125.071959836053   -125.071959836053         0.54929E-03
   -125.086149682484   -125.086149682484         0.23266E-03
   -125.084407061705   -125.084407061705         0.31034E-03
   -125.081206915612   -125.081206915612         0.59170E-03
   -125.085471676569   -125.085471676569         0.44670E-03
   -125.080346642741   -125.080346642741         0.24236E-03
   -125.095153354186   -125.095153354186         0.25640E-03
   -125.078395997001   -125.078395997001         0.31489E-03
   -125.083083096226   -125.083083096226         0.23222E-03
   -125.090239134964   -125.090239134964         0.41269E-03
